SiteID,Node_osmid,Site_Lat,Site_Lon,Node_Lat,Node_Lon,Distance
1,1396454306,53.348754,-6.257607,53.348751,-6.2576196,1.29522198866576e-05
2,389372,53.354711,-6.246679,53.3547015,-6.2466905,1.4916433892529234e-05
3,1396443488,53.351374,-6.250073,53.3513668,-6.2500633,1.2080149005479714e-05
4,240380197,53.361145,-6.240513,53.3611129,-6.2404779,4.7564903026233916e-05
5,12246878,53.355797,-6.292406,53.3557795,-6.2924127,1.8738729951526964e-05
6,32335290,53.334055,-6.245199,53.3340381,-6.2451835,2.2931637533091387e-05
7,658472,53.336815,-6.249116,53.3367812,-6.24915,4.79420483532414e-05
8,32335403,53.333171,-6.243319,53.3331677,-6.2432726,4.6517201119360324e-05
9,28257211,53.361367,-6.242793,53.3613725,-6.2427661,2.7456511067511654e-05
10,12640060,53.38977512,-6.293530902,53.389771,-6.2935763,4.5584567608033576e-05
11,1358290508,53.38912341,-6.264819292,53.3891728,-6.2649204,0.00011252644028574666
12,6310866598,53.378896,-6.266859,53.3788834,-6.2668896,3.3092597358465056e-05
13,59612074,53.385948,-6.265175,53.3859291,-6.2651542,2.8104270139029117e-05
14,62102422,53.33773396,-6.219956537,53.3374714,-6.2198288,0.0002919837234684585
15,11675273,53.385381,-6.233328,53.3853548,-6.2333583,4.005658497695251e-05
17,389292,53.34823832,-6.254945771,53.3482797,-6.2549447,4.1393857526391484e-05
18,659706,53.36054415,-6.269639,53.3605706,-6.2696718,4.213600004786088e-05
19,3451159904,53.34738731,-6.282360635,53.3474117,-6.2823498,2.668837434150649e-05
20,12428431,53.350022,-6.281693,53.3500292,-6.2817224,3.0268795813093625e-05
21,26867851,53.351066,-6.270081,53.3510694,-6.2700746,7.2470683715994285e-06
22,17648104,53.338178,-6.269269,53.3381497,-6.2692976,4.023493506619819e-05
23,14955950,53.36116,-6.286128,53.3611563,-6.2861193,9.454099639642094e-06
24,340862535,53.33363351,-6.2650364,53.3334719,-6.2650526,0.0001624199251931984
25,389676,53.332574,-6.264879,53.3325969,-6.2648597,2.9948288763937402e-05
26,389279,53.345694,-6.267771,53.3453413,-6.2676306,0.00037961750486536355
27,12639615,53.389159,-6.312446,53.3892055,-6.3124392,4.6994574158183065e-05
29,1294005414,53.352363,-6.259162,53.3523744,-6.2591625,1.1410959649472828e-05
30,901698,53.3478176,-6.346206317,53.3478566,-6.3462427,5.333594181320041e-05
31,255544830,53.348321,-6.342702,53.3482768,-6.3426739,5.237604414037249e-05
32,12428355,53.370333,-6.268485,53.3702875,-6.2685053,4.9823087016915775e-05
33,29400040,53.33036,-6.260034,53.3303381,-6.2600464,2.5166843266668085e-05
34,2370573226,53.33275053,-6.262871769,53.3327276,-6.2629097,4.4323195518530256e-05
35,3585952599,53.342866,-6.271874,53.3428581,-6.2717919,8.247920950173669e-05
36,12649687,53.350115,-6.274547,53.3501399,-6.2745378,2.654524439488013e-05
37,14955953,53.345614,-6.275764,53.3458083,-6.2756299,0.00023608324803213733
38,1448444,53.33223388,-6.275230456,53.3322379,-6.2752072,2.3600888459244384e-05
39,659799,53.341155,-6.250742,53.3411673,-6.2507508,1.5123822269411486e-05
40,28256538,53.362621,-6.252298,53.3626061,-6.2522928,1.578131806567325e-05
41,86181660,53.360331,-6.20969,53.3603372,-6.2096782,1.332966615990943e-05
42,12115509,53.34282151,-6.316897682,53.342892,-6.3168096,0.00011281524198330885
43,11675266,53.3810861,-6.2392187,53.3810493,-6.2392206,3.6849016265716387e-05
44,5296502918,53.354362,-6.273197,53.3543598,-6.2732192,2.230874268135761e-05
45,12784890,53.348265,-6.30847,53.3482391,-6.3083471,0.0001255994426733683
46,4238407,53.33204294,-6.293480478,53.3320846,-6.2935126,5.2605878797289586e-05
47,1410014374,53.33015,-6.298166,53.3301329,-6.2981895,2.9063034941973722e-05
48,434149497,53.344118,-6.26722,53.3441352,-6.2669948,0.0002258558832526673
49,1448436,53.344169,-6.264473,53.3441775,-6.2644509,2.367826007097723e-05
50,389332,53.34424291,-6.262293315,53.3442515,-6.2623822,8.929911155800882e-05
51,666679,53.30913765,-6.260753211,53.3092606,-6.2606206,0.00018083799330387515
52,43326284,53.3111686,-6.2623423,53.3110186,-6.2625461,0.0002530502716878667
53,12301533428,53.33373167,-6.298584236,53.3337617,-6.298581,3.02038506794146e-05
54,4238406,53.333527,-6.291346,53.3335255,-6.2913819,3.593132338240474e-05
55,28246966,53.36070892,-6.260336307,53.360759,-6.2603728,6.196567960646531e-05
56,12119108,53.35293,-6.26834,53.3529588,-6.268296,5.2587450975913666e-05
57,20627000,53.357511,-6.263842,53.3575405,-6.2638637,3.662157833544547e-05
58,1415539792,53.356051,-6.265229,53.3560249,-6.2652507,3.39425986040018e-05
59,442727196,53.359011,-6.261967,53.3589854,-6.2618937,7.764180574983053e-05
60,659745,53.35423,-6.266954,53.3542147,-6.2669211,3.6283605113444776e-05
61,26765400,53.359794,-6.26129,53.359764,-6.2613238,4.519336234656818e-05
62,671005,53.324027,-6.328007,53.3240177,-6.3280351,2.9598986469559793e-05
63,28256484,53.36338899,-6.25783264,53.3634197,-6.2579126,8.565457197514875e-05
64,1430521504,53.37582125,-6.250365897,53.3758166,-6.2503529,1.3803786038778235e-05
65,1430467324,53.373441,-6.252043,53.3734261,-6.2520189,2.8334078419043005e-05
66,1607381,53.36873,-6.255011,53.3687549,-6.2549984,2.7906450866748975e-05
67,26765341,53.361724,-6.259479,53.3617471,-6.2594926,2.680615600931821e-05
69,661258,53.384781,-6.143031,53.3847911,-6.1430295,1.0210778622956245e-05
70,4836679335,53.33383461,-6.258650514,53.3338607,-6.2586193,4.068171452003755e-05
71,4238363,53.339541,-6.321016,53.3395244,-6.321039,2.836476687405869e-05
72,12382833167,53.362856,-6.236443,53.3627778,-6.2363907,9.407725548496017e-05
73,661474,53.3644,-6.229796,53.3643593,-6.2298176,4.607656671793036e-05
74,13128631,53.3666867,-6.2918802,53.3666783,-6.2920173,0.00013735708937040968
75,31015139,53.3410846,-6.2453144,53.3411514,-6.2453994,0.0001081075390522229
76,20299837,53.356808,-6.259113,53.3567871,-6.2591006,2.4301646037137306e-05
77,32334985,53.33728663,-6.234682657,53.3372202,-6.2346616,6.968746048974707e-05
78,12284657,53.39110787,-6.168162343,53.391103,-6.1676786,0.00048376751332465163
80,27398679,53.37400216,-6.24328512,53.3738774,-6.2432129,0.00014415542307351907
81,32336034,53.329514,-6.275594,53.3295075,-6.2755716,2.332402195276012e-05
82,59816067,53.32166648,-6.27912199,53.321685,-6.2793423,0.0002210870563827255
83,670950,53.326407,-6.278056,53.326329,-6.2781659,0.0001347665017736767
84,670957,53.3186632,-6.2789822,53.3185931,-6.2791574,0.00018870360357010676
85,32475584,53.33246616,-6.26831298,53.332465,-6.2683155,2.7741665428163433e-06
86,19192123,53.37546251,-6.194837575,53.3754716,-6.1948304,1.1580532154688907e-05
87,1422244146,53.3661254,-6.2235609,53.3660756,-6.2235634,4.986271151804782e-05
88,32436417,53.38039654,-6.17510658,53.3803393,-6.1750967,5.808641837483213e-05
90,11675288,53.37406085,-6.16458493,53.3740817,-6.1645798,2.1471828052992143e-05
91,12280645,53.39011898,-6.298183036,53.3901089,-6.2981675,1.851954902040083e-05
92,255237548,53.33958909,-6.223327707,53.3395859,-6.2233262,3.5280517233096054e-06
93,9836579988,53.33792415,-6.222511473,53.3379353,-6.2225102,1.1222434182182446e-05
94,3451120784,53.347604,-6.266148,53.3475458,-6.2661975,7.640346850572902e-05
95,7015213717,53.348808,-6.26667,53.3489664,-6.2675318,0.0008762361553834688
96,26414332,53.32533299,-6.30900425,53.3252879,-6.3088912,0.00012171035535288672
97,1430847042,53.319471,-6.290559,53.3194598,-6.2905503,1.4182030886800048e-05
98,1420114191,53.312106,-6.299684,53.3120679,-6.2996488,5.1871475782222815e-05
99,54819670,53.31374431,-6.309789782,53.3137871,-6.309687,0.00011133338952959951
100,55457278,53.31270554,-6.304874271,53.3128557,-6.3046166,0.00029823207379497024
101,25757797,53.3284819,-6.3437672,53.3286085,-6.3440249,0.0002871181812428988
101,25757797,53.3284819,-6.3437672,53.3286085,-6.3440249,0.0002871181812428988
102,658463,53.32636158,-6.250448524,53.3263304,-6.2504686,3.708420385508081e-05
103,1260858724,53.32822155,-6.245889419,53.3283253,-6.2461807,0.0003092065385162238
104,9100868,53.33192913,-6.252650507,53.3319196,-6.2526732,2.461286551779904e-05
105,307478674,53.3237,-6.341007,53.3237276,-6.3410178,2.963781368056379e-05
106,901716,53.35101882,-6.352857649,53.3510483,-6.3527215,0.00013930405809216794
107,389462,53.375512,-6.218754,53.3754956,-6.218782,3.244934513998455e-05
108,3646191127,53.368508,-6.22635,53.3685392,-6.2263944,5.426601146347412e-05
109,28850705,53.37992328,-6.210365073,53.3799382,-6.2103169,5.043058921926169e-05
110,240407604,53.389413,-6.197583,53.3893778,-6.1975106,8.050341607592805e-05
111,32335116,53.320518,-6.2155,53.3204578,-6.2154637,7.029743949805673e-05
112,12492534980,53.32880997,-6.230326103,53.3287406,-6.2302726,8.76057527152914e-05
113,638789813,53.31886422,-6.2129471,53.3189824,-6.2125601,0.00040464245007193125
114,32335103,53.3264971,-6.2244579,53.3265419,-6.224416,6.134044343217317e-05
115,659805,53.33814415,-6.253613155,53.3381471,-6.2536281,1.5233368800795141e-05
116,659803,53.33961878,-6.246438441,53.3395938,-6.2463552,8.690836830183154e-05
117,26414595,53.31067582,-6.248131342,53.3106572,-6.2481836,5.547614770307709e-05
118,389708,53.32511941,-6.24093233,53.3249213,-6.2407891,0.00024446350443322625
119,19080459,53.37184485,-6.266551795,53.3718443,-6.2665438,8.013895744282268e-06
120,662179,53.33766465,-6.240624394,53.3376736,-6.2405988,2.7113748100183925e-05
121,20299841,53.35739626,-6.25708867,53.3575331,-6.2570976,0.00013713107050899242
122,26866018,53.35485,-6.268734,53.3549074,-6.2686462,0.00010489804574139418
123,657360,53.323523,-6.260429202,53.3234704,-6.2603321,0.00011043350218272049
124,15853046,53.326971,-6.342872,53.3269512,-6.3428551,2.603171142776132e-05
125,6303849,53.36492,-6.308256,53.3649203,-6.3082695,1.3503332921656807e-05
126,1573119429,53.341537,-6.27226,53.3414873,-6.272219,6.442895312323286e-05
127,659686,53.36072191,-6.275144249,53.3607759,-6.2751154,6.121425406547165e-05
128,1294904418,53.3592327,-6.258753173,53.3592049,-6.2586973,6.24069878209832e-05
129,1419098342,53.35837321,-6.254626873,53.3583879,-6.2545955,3.464189990226753e-05
130,117707333,53.35219,-6.29808,53.3521999,-6.2980982,2.0718349356421187e-05
131,31935965,53.3899657,-6.301263742,53.3899792,-6.3010383,0.00022584584424751504
132,389503,53.360634,-6.23904,53.3606157,-6.2390322,1.9892963580976313e-05
133,32335036,53.336146,-6.238152,53.3361423,-6.238135,1.7397988390181203e-05
134,1261227677,53.332259,-6.235354,53.3323049,-6.2354082,7.10242916168836e-05
136,43314838,53.30694851,-6.269834935,53.3069672,-6.2696964,0.00013979006518814843
137,665856,53.32085621,-6.2595681,53.3208046,-6.2595365,6.051571779276612e-05
138,9800236714,53.348199,-6.295636,53.3481787,-6.2961472,0.0005116029026502464
139,32336040,53.3304292,-6.2840455,53.330511,-6.2840747,8.68555122060725e-05
140,3260618602,53.35442851,-6.263430138,53.3544599,-6.2634527,3.865715902943988e-05
141,710547269,53.354212,-6.256897,53.3542062,-6.2568923,7.4652528402607595e-06
142,389304,53.33885189,-6.272633191,53.3389329,-6.2726872,9.736319726373937e-05
143,31015134,53.343188,-6.244578,53.343179,-6.2445638,1.6811900546057063e-05
144,1346905,53.342762,-6.241147,53.3427487,-6.2411502,1.3679546775270018e-05
145,1422254055,53.34351786,-6.246392619,53.3435328,-6.2464059,1.9989711378586522e-05
146,1426100583,53.34413,-6.249295,53.3441081,-6.2492761,2.8927841260536005e-05
147,355146355,53.32949201,-6.232952178,53.3297843,-6.2328526,0.00030878669366137657
148,11675387,53.36253281,-6.272693223,53.3625327,-6.2726884,4.8242542430337575e-06
149,659687,53.36078483,-6.272678945,53.3607926,-6.2726879,1.1856007973026571e-05
150,18896384,53.36462639,-6.271783924,53.3646389,-6.2717705,1.8349492530665788e-05
151,11675220,53.357216,-6.288761,53.3572173,-6.288812,5.1016565937006406e-05
152,12640083,53.346386,-6.280432,53.3461846,-6.2805081,0.00021529786343710034
153,450656588,53.3250988,-6.2546633,53.3250914,-6.2544602,0.00020323476572701053
155,671028,53.31189783,-6.274611236,53.3119159,-6.2745882,2.9277674021454648e-05
156,666731,53.3173303,-6.2704275,53.317207,-6.2704602,0.00012756245528988867
157,29396438,53.32994997,-6.264278678,53.3299501,-6.2642883,9.62287815511386e-06
158,560602858,53.322264,-6.265737,53.3220983,-6.2657518,0.0001663596405348784
159,666674,53.31326375,-6.263354994,53.3132459,-6.2631653,0.00019053198192454994
160,30979529,53.3415926,-6.23170508,53.3415125,-6.2314177,0.00029833416565990445
161,661455,53.3751504,-6.196310393,53.374817,-6.1975958,0.0013279407801746687
162,12867448,53.3782629,-6.2651203,53.3786365,-6.2652477,0.00039472486620037927
163,658429,53.33611851,-6.257122178,53.3361445,-6.2572592,0.00013946508016038746
164,4009885977,53.33759778,-6.262615281,53.3376441,-6.2626064,4.7163699606772764e-05
165,565672558,53.31857895,-6.241455135,53.3185129,-6.2414186,7.548118126454056e-05
166,20447270,53.353031,-6.256035,53.3530263,-6.2560402,7.009279562539079e-06
167,1426821217,53.33373357,-6.231796775,53.3338549,-6.2318692,0.00014130233375541997
168,31095511,53.35023375,-6.235016063,53.3502136,-6.2350226,2.1183835091478418e-05
170,32475555,53.331516,-6.283627,53.3315146,-6.2836477,2.074728897998896e-05
171,12784893,53.34061163,-6.307669767,53.3406317,-6.3076594,2.258936894199832e-05
172,26914400,53.34396656,-6.308244467,53.3440209,-6.3080469,0.00020490377031368045
173,26165126,53.3414693,-6.26539315,53.3414822,-6.2653904,1.318986353381032e-05
174,7015624035,53.31919269,-6.23208783,53.3191805,-6.2320281,6.0961208977692235e-05
175,2455590523,53.31365381,-6.22239235,53.313567,-6.2224426,0.000100304728701386
176,32336196,53.33650654,-6.30623025,53.3364918,-6.3061506,8.100240798971629e-05
177,1410013998,53.32568685,-6.29661575,53.325765,-6.296767,0.00017024683550671016
178,12117928,53.3570282,-6.249742617,53.3570104,-6.2497685,3.141289049225568e-05
179,841754281,53.38246,-6.244531,53.3824441,-6.2444585,7.422304224445624e-05
180,5419437478,53.387681,-6.244285,53.3876914,-6.2443233,3.9686899601890355e-05
181,1259427195,53.389783,-6.246246,53.3897866,-6.2462404,6.657326791042072e-06
182,659815,53.35074863,-6.254446963,53.3507411,-6.2544091,3.8604503221526764e-05
183,1396960579,53.347487,-6.255009,53.3474793,-6.2549998,1.1997082977291315e-05
184,71225219,53.34681537,-6.255125119,53.3468087,-6.2551226,7.129814938832373e-06
185,12792674,53.34589915,-6.255148497,53.3459046,-6.2551327,1.6710706417607865e-05
187,671024,53.309842,-6.283565,53.3098572,-6.28351,5.7061720970050027e-05
188,659821,53.34578996,-6.252119984,53.3457851,-6.2521162,6.159403865254276e-06
189,247701137,53.3340389,-6.3285548,53.3340448,-6.3286017,4.7269651997681225e-05
190,1396441238,53.34700658,-6.283928619,53.3469895,-6.2839099,2.534023206222315e-05
191,2397311050,53.34200521,-6.250589226,53.342151,-6.2505001,0.00017087471426542245
192,389666,53.33760485,-6.265788537,53.3376182,-6.2657909,1.3557517069402119e-05
193,12639664,53.345256,-6.272135,53.3449816,-6.2720865,0.0002786532074121655
194,330928747,53.3598561,-6.2397428,53.3596846,-6.2400422,0.0003450400121729632
196,1442736,53.3468383,-6.2589137,53.3470058,-6.2587886,0.00020906042188507514
197,5593384415,53.3475808,-6.2592774,53.3475213,-6.2593927,0.0001297472157725736
198,2892088923,53.34838781,-6.259644159,53.3483267,-6.2597517,0.00012369114269301218
199,5300250111,53.34979793,-6.260258981,53.3503787,-6.2603792,0.0005930821198283076
200,5300250112,53.35194847,-6.261080311,53.3519419,-6.2610744,8.837693196957836e-06
201,3451922932,53.35257079,-6.261489034,53.352555,-6.2613445,0.0001453939519239899
202,10879742095,53.35182721,-6.262915529,53.3517159,-6.2630396,0.00016668391986419934
203,11907019558,53.352744,-6.2489069,53.3527877,-6.2487961,0.00011910638102086968
204,26389284,53.386535,-6.210361,53.3867943,-6.211247,0.0009231643894771439
205,389281,53.33973268,-6.265840567,53.3395894,-6.2658639,0.00014516744568912086
206,2389844211,53.33766189,-6.251542787,53.3376902,-6.2515834,4.950628110545546e-05
207,144837225,53.359325,-6.245566,53.3594596,-6.2454179,0.00020012688475283118
208,3500317267,53.35819816,-6.247448654,53.3583544,-6.2471819,0.00030914177025574506
209,4222238,53.3428069,-6.3605731,53.342787,-6.360399,0.0001752336154960866
210,2626146603,53.3425553,-6.3576219,53.3425396,-6.357551,7.261749100555769e-05
211,13260052,53.3422509,-6.3493363,53.3422734,-6.3492306,0.00010806821919487622
212,3072554421,53.387565,-6.279736,53.3876573,-6.2797993,0.000111920418153822
213,54851186,53.390409,-6.287232,53.3904084,-6.2872317,6.708203931451001e-07
214,11675504,53.38992531,-6.270197332,53.389847,-6.269879,0.00032782269342415503
215,1139345104,53.37990934,-6.265826672,53.3797401,-6.265652,0.00024321283926507747
216,12428352,53.3686101,-6.2697734,53.3687976,-6.2696575,0.0002204292630323603
218,53463893,53.3417633,-6.2277364,53.3417709,-6.227571,0.00016557451494756529
219,3393611301,53.3885676,-6.2655262,53.3889369,-6.2647755,0.0008366199734628952
220,389667,53.3354574,-6.265205397,53.3354833,-6.2652056,2.590079552545908e-05
221,12867311,53.3859713,-6.312615,53.3858131,-6.3127515,0.0002089485343342141
222,11853391,53.3466784,-6.3369597,53.3467477,-6.3369407,7.185742828668311e-05
223,11518167044,53.3608826,-6.1822893,53.3608321,-6.1823914,0.00011390636505213066
224,661497,53.3588536,-6.189932,53.3586224,-6.1899089,0.00023235113513992721
226,559288532,53.3444245,-6.259537235,53.3444768,-6.2594674,8.724802132408593e-05
229,659795,53.34530314,-6.259113968,53.3453301,-6.2591324,3.265853983232659e-05
230,659795,53.34508689,-6.258870614,53.3453301,-6.2591324,0.0003573276002444899
232,389314,53.34575682,-6.257148034,53.3459015,-6.2573464,0.00024552265141037104
233,273128870,53.38826602,-6.261026265,53.387802,-6.2606726,0.0005834325090591597
234,11675497,53.384696,-6.249933,53.3844669,-6.2498808,0.00023497159402661004
235,12867383,53.3632159,-6.2767703,53.3630915,-6.276728,0.0001313950151233091
236,1426048842,53.3382047,-6.281361792,53.3381928,-6.2818203,0.0004586623987896115
237,2389808000,53.33061205,-6.296875013,53.3304155,-6.2974845,0.000640395429144023
238,2373976058,53.32971758,-6.299594575,53.329779,-6.2992135,0.00038599296888133783
243,389711,53.32150988,-6.23515693,53.3214747,-6.2351607,3.538142591574234e-05
246,243643614,53.321131,-6.256135,53.3211901,-6.255885,0.0002568906576734093
247,357226099,53.3591025,-6.2364392,53.3591493,-6.2364124,5.393032542095296e-05
248,42503652,53.3628098,-6.2397045,53.3627952,-6.2398382,0.00013449479543847063
249,2372323798,53.37082162,-6.280146909,53.3708129,-6.280104,4.3786078621968416e-05
254,3977166162,53.339746,-6.241863,53.3397447,-6.2418358,2.7231048456589033e-05
255,12867375,53.3767061,-6.2545287,53.376705,-6.2543785,0.00015020402790890956
256,247322621,53.3697747,-6.2312657,53.3698474,-6.2313716,0.00012845271503406303
257,130159360,53.33542066,-6.263298166,53.3360467,-6.2633581,0.0006289023500959396
258,4229545820,53.3281278,-6.2766772,53.3280709,-6.2767429,8.691432562997413e-05
259,91595432,53.3230781,-6.2789512,53.3231009,-6.2790546,0.00010588389868270031
260,1397032513,53.33616958,-6.268995761,53.3361958,-6.2689267,7.387090171924457e-05
261,240388664,53.37103407,-6.205228169,53.3710621,-6.2052385,2.9873239883998143e-05
262,108008682,53.38002993,-6.164584671,53.3800688,-6.1643982,0.00019047916090964942
263,248380828,53.3908229,-6.159996,53.3907952,-6.1598876,0.00011188319802399663
264,202074305,53.38697262,-6.21497333,53.3869384,-6.2151203,0.00015090125678754744
265,14957903,53.3203515,-6.2862271,53.3202946,-6.2862959,8.928073700691696e-05
266,192308498,53.337605,-6.354153,53.3377216,-6.3539577,0.00022745911720535036
268,658464,53.33435801,-6.255190223,53.3344008,-6.2552554,7.796810520105395e-05
269,1430847303,53.34182053,-6.252296383,53.3418519,-6.2525375,0.00024314909950287023
271,31936571,53.37302291,-6.221667197,53.3731575,-6.2214925,0.00022053006576808353
272,3206752725,53.34435519,-6.26085065,53.3444182,-6.2609041,8.262664582193681e-05
274,1426048943,53.340549,-6.283434,53.3406123,-6.2832517,0.00019297714890386498
275,552584287,53.31725245,-6.208186305,53.3173674,-6.2082799,0.00014823470081569103
276,243643704,53.31151758,-6.247890359,53.312087,-6.2477218,0.0005938444854326764
279,15482563,53.366691,-6.3136,53.3656474,-6.3149714,0.0017233220592813442
280,333089817,53.33631886,-6.273147588,53.3363244,-6.2731758,2.8750800754902125e-05
281,247176553,53.3582654,-6.2417088,53.3582437,-6.2416968,2.4796975620059727e-05
282,2377743870,53.35662048,-6.244127303,53.3567252,-6.2439701,0.0001888890192931648
285,195865275,53.34661313,-6.263277074,53.3472702,-6.263417,0.0006718037439385503
288,1497230537,53.34470865,-6.252177025,53.3447038,-6.2523006,0.0001236701383722679
290,26866512,53.3587369,-6.2730969,53.3586839,-6.273242,0.00015447656780045294
291,247649070,53.369054,-6.238766,53.3692322,-6.2391784,0.0004492538258048323
292,49373102,53.389996,-6.16953,53.3901279,-6.1693847,0.0001962388850398595
295,59816068,53.324053,-6.265385,53.3240348,-6.2653786,1.929248558338284e-05
297,389677,53.33070632,-6.264359504,53.3311096,-6.2645251,0.0004359550362325302
298,12428371,53.37554623,-6.265052122,53.3761563,-6.2646874,0.0007107795313491496
301,2498303858,53.33859582,-6.25539212,53.3385455,-6.2554331,6.489578414669336e-05
302,2784725491,53.322155,-6.247637,53.3221305,-6.2476367,2.4501836667941734e-05
303,97229925,53.3327329,-6.2159597,53.3324173,-6.2154905,0.0005654661793605606
304,696775774,53.33763399,-6.299292771,53.3375756,-6.2992781,6.0204902964263604e-05
305,1448439,53.34298908,-6.264406595,53.3430052,-6.2644034,1.6433576145562337e-05
308,4214979832,53.32081321,-6.292663916,53.3209416,-6.2928451,0.00022206222991762484
309,335596132,53.334252,-6.326699,53.3342988,-6.3265001,0.00020433171559985789
309,1410013882,53.3245412,-6.2958135,53.32436,-6.2958776,0.0001922036680190256
311,27688220,53.30182,-6.297239,53.3018049,-6.2972165,2.7097232330371557e-05
312,91538503,53.3147099,-6.2834513,53.3147112,-6.2833884,6.291343258851382e-05
314,4696484881,53.3889253,-6.1953892,53.3885372,-6.1943695,0.0010910589809891892
316,15852300,53.3195755,-6.3366869,53.3193645,-6.3365281,0.00026408036655569024
319,2955929629,53.3413672,-6.3485289,53.341728,-6.3488359,0.00047373583356361205
320,13259932,53.3429086,-6.3488605,53.3425668,-6.3488845,0.000342641561986741
322,359961874,53.33102001,-6.345645189,53.3309033,-6.3456384,0.00011690729070967169
323,301812302,53.3868829,-6.2007823,53.3864912,-6.2011179,0.0005158064074834514
324,389357,53.34055933,-6.270032359,53.3405743,-6.2700444,1.9211626195145134e-05
325,612623536,53.32761801,-6.30923152,53.3276129,-6.3091198,0.00011183680297623737
326,4238433,53.32831163,-6.306053102,53.3282377,-6.3062234,0.0001856530465789366
327,18161341,53.377704,-6.287545,53.3777082,-6.2874709,7.421893289444026e-05
328,559288532,53.34326199,-6.25935027,53.3444768,-6.2594674,0.0012204436787501558
329,565672574,53.316653,-6.23869,53.3167041,-6.2389046,0.000220600022665158
330,58675496,53.3282968,-6.2581681,53.3282414,-6.2585683,0.00040401633630302226
331,31936622,53.378414,-6.213154,53.3784154,-6.2131872,3.322950496164051e-05
332,1607386,53.3805653,-6.2459052,53.3810396,-6.2453595,0.0007230138172956576
333,4426389547,53.33595568,-6.312371725,53.3359676,-6.3123842,1.725433351277139e-05
334,28257132,53.3617786,-6.2467798,53.3619019,-6.2470245,0.00027400908744035067
335,11675496,53.37953644,-6.27635193,53.3795547,-6.2762504,0.00010315894774459694
336,12649673,53.34800232,-6.274761692,53.3480045,-6.2747666,5.370369076127428e-06
337,130245808,53.331583,-6.261969,53.3315605,-6.2618243,0.00014643886096241262
340,249193361,53.382041,-6.291203,53.3820278,-6.2911696,3.5913785653598466e-05
342,50881042,53.31971651,-6.243607063,53.3195803,-6.243397,0.0002503589983787344
343,267888914,53.3457992,-6.3082292,53.3462627,-6.3082384,0.00046359129628953323
344,9043911415,53.361011,-6.2831711,53.3610624,-6.2833156,0.0001533695210935127
346,248738146,53.3707446,-6.253763393,53.3706086,-6.253836,0.0001541680137067658
347,28242702,53.36586485,-6.27124694,53.3659362,-6.2713974,0.0001665203714255423
348,297387982,53.343528,-6.369191,53.3435246,-6.369186,6.046486581345257e-06
349,1410013998,53.3262392,-6.2945688,53.325765,-6.296767,0.002248766079432075
351,5597784482,53.35066989,-6.274203546,53.3507036,-6.2741309,8.008623737070219e-05
352,5207211666,53.34289897,-6.257792079,53.3429228,-6.2578287,4.369172165138075e-05
354,1447301,53.34899654,-6.251605823,53.3488274,-6.2515101,0.00019434822440775033
355,3594434240,53.34827091,-6.251592289,53.3482429,-6.2515609,4.2069340625627225e-05
356,5286717172,53.34746,-6.25179,53.3476298,-6.2517484,0.00017482162337820775
359,365307094,53.34155,-6.297829,53.3413135,-6.2977261,0.00025791599407532433
360,389339,53.33947113,-6.258811728,53.3394661,-6.25867,0.00014181723056092875
362,2425181630,53.3278219,-6.264698,53.3276164,-6.2647032,0.00020556578023313326
363,389679,53.3270744,-6.2648431,53.3270991,-6.2647939,5.5052066263654246e-05
366,385560359,53.342838,-6.27916,53.3428259,-6.2791477,1.7253985046339496e-05
367,3664132465,53.34335187,-6.274925533,53.3433743,-6.2748984,3.520375816715259e-05
368,170789284,53.343098,-6.276149,53.3430669,-6.2761703,3.769482723233419e-05
369,442394468,53.343249,-6.281382,53.3432179,-6.2813717,3.276125760799209e-05
370,26914099,53.34625409,-6.291749569,53.3469685,-6.2922417,0.0008675105585878426
371,11675225,53.3847254,-6.3127129,53.3846986,-6.3127428,4.015283302580071e-05
372,4238365,53.341616,-6.3190213,53.341539,-6.3189959,8.108119387816719e-05
374,15855896,53.3357881,-6.326521796,53.3358501,-6.3264135,0.00012478791454259816
377,301800498,53.3816229,-6.1757115,53.38215,-6.1748592,0.0010021225972900462
378,43314848,53.30824153,-6.254377542,53.3082315,-6.2545382,0.00016097078574642628
379,32019322,53.324865,-6.3210868,53.3248343,-6.3210354,5.9870276432880216e-05
380,28850804,53.39079541,-6.183380909,53.3907802,-6.1833279,5.514796624574513e-05
381,291661602,53.3919511,-6.2052757,53.3919237,-6.2052287,5.440367634613082e-05
383,32335097,53.327855,-6.226933,53.3278662,-6.2269364,1.1704699913509095e-05
384,163026318,53.39113254,-6.17868027,53.3910823,-6.1787029,5.510149272049086e-05
386,4939797800,53.3944814,-6.2120287,53.3945354,-6.2119854,6.921625532111865e-05
387,912115780,53.33987805,-6.278073639,53.3398437,-6.2780146,6.830465592467867e-05
388,13228191,53.3974292,-6.2197528,53.3972256,-6.2196719,0.00021908393368671092
390,32019360,53.32520224,-6.317579402,53.3252143,-6.317412,0.00016783585196203805
391,8762813380,53.31466534,-6.24632856,53.3146202,-6.2464558,0.00013500976705268857
394,46563731,53.306987,-6.283729,53.3071898,-6.2837651,0.00020598798509028038
395,252322909,53.32600837,-6.315931338,53.3260104,-6.3159249,6.75046250467105e-06
396,224035897,53.343479,-6.288372,53.3435055,-6.2883728,2.6512072718744844e-05
399,389620,53.343459,-6.284836,53.3434892,-6.2848565,3.6500547939010665e-05
402,135109495,53.33990499,-6.260595685,53.3408259,-6.2613494,0.0011900258523751307
403,3594514235,53.3493704,-6.25402901,53.349195,-6.254395,0.00040584952888783393
404,2399564654,53.34775024,-6.291860055,53.3477366,-6.2917066,0.00015406000981765428
405,11676194,53.367454,-6.272099,53.3674695,-6.2724071,0.00030848964326176645
408,11675194,53.36146888,-6.290767193,53.3613326,-6.2908503,0.00015962146424864138
410,25757806,53.32825418,-6.336800411,53.3293757,-6.3361877,0.0012779756961367639
411,947981611,53.31771506,-6.20988357,53.3177197,-6.209651,0.0002326162816740078
412,196244458,53.3422799,-6.3461875,53.3412793,-6.3466209,0.0010904292365893859
416,20447276,53.3559038,-6.261015,53.3558125,-6.2609825,9.691202195930702e-05
418,26756133,53.347297,-6.268342,53.3464833,-6.2680572,0.000862101345545383
419,10307572682,53.3501487,-6.2668778,53.350118,-6.2671773,0.00030106932756445896
420,26913464,53.346964,-6.291095,53.3469599,-6.2911227,2.8001785656604663e-05
421,442374639,53.33886,-6.256589,53.3388199,-6.2564972,0.00010017609495257511
422,11675212,53.361587,-6.298221,53.3616128,-6.2981715,5.5820157651014345e-05
423,32475486,53.33872604,-6.29984438,53.3386564,-6.2997445,0.0001217610118217541
425,2375592345,53.384196,-6.215786,53.3842101,-6.2159638,0.00017835820698795487
428,8066331593,53.3700733,-6.2481006,53.3696531,-6.24826,0.0004494178456632818
429,15413104,53.35890489,-6.28162526,53.3589039,-6.2815999,2.537931638193951e-05
430,1276537837,53.382539,-6.276368,53.3825391,-6.2763241,4.390011389472387e-05
431,26389432,53.3851968,-6.2246867,53.3851321,-6.2245121,0.000186202175069099
433,12283573,53.39002,-6.311419,53.390096,-6.3115044,0.00011432042687087925
434,2791792365,53.318288,-6.303181,53.3183482,-6.3032801,0.00011595192969498007
435,12428287,53.3645539,-6.2860141,53.3644495,-6.2857354,0.0002976122477310721
437,389142086,53.312752,-6.2823998,53.3126142,-6.2824372,0.00014278515329420901
438,3128331363,53.352377,-6.283848,53.3523587,-6.2839247,7.885290102328866e-05
439,7015043136,53.34544,-6.24845,53.3454463,-6.248443,9.417536829983407e-06
441,31926608,53.3160294,-6.2051674,53.3161792,-6.2052814,0.00018824462807947442
443,1422227417,53.36316923,-6.221922142,53.3631443,-6.2219269,2.537998155527697e-05
445,31926998,53.35789497,-6.234191937,53.3578841,-6.2342077,1.914756039079288e-05
447,12867290,53.39853006,-6.307075024,53.3985359,-6.3071097,3.51643367057995e-05
448,50881047,53.32276631,-6.237924689,53.322883,-6.2381645,0.00026669434156120715
451,2761886769,53.3332287,-6.2114083,53.3326195,-6.210746,0.0008998699517150149
452,32335109,53.32427925,-6.221443456,53.3245329,-6.2215888,0.00029234089833340835
453,15852436,53.3357516,-6.3469122,53.3361381,-6.3470638,0.00041516841160915886
454,5166592132,53.34217525,-6.254550113,53.3421915,-6.2545411,1.858215996718912e-05
455,12428755,53.363481,-6.30392,53.3634886,-6.3039383,1.9815398052305197e-05
456,240407606,53.391514,-6.194901,53.3914732,-6.1948343,7.818906573180004e-05
457,295514385,53.38699934,-6.147565137,53.3861727,-6.1484757,0.0012298205830802646
458,12639654,53.375806,-6.286491,53.3757496,-6.2864723,5.9419272966005466e-05
459,249188556,53.3726239,-6.2836164,53.372606,-6.2835679,5.169777558113224e-05
460,59802253,53.31538089,-6.276670985,53.3154368,-6.276363,0.00031301867088894767
461,9959608740,53.36994819,-6.2246933,53.3699026,-6.2246958,4.5658494280058874e-05
462,32334978,53.338799,-6.2391914,53.3387082,-6.2391062,0.00012451377434017133
463,335972562,53.3379265,-6.3232042,53.3379354,-6.3233238,0.00011993068831568461
464,4207104747,53.314828,-6.296024,53.3146709,-6.2961367,0.00019334347674172648
465,659804,53.3382404,-6.247718081,53.3382323,-6.2476993,2.045326284340907e-05
467,12119418,53.39686654,-6.187125729,53.3973532,-6.1870837,0.0004884714858013681
468,108008696,53.396115,-6.162508,53.3961438,-6.1625229,3.24260697547812e-05
470,13128590,53.368239,-6.317839,53.3677898,-6.3181143,0.0005268498173152687
471,11970102178,53.3176756,-6.3341123,53.3175046,-6.3337669,0.0003854116760049217
472,6988362473,53.345606,-6.379581,53.3404837,-6.3781318,0.005323357768360398
473,1420114293,53.3101304,-6.3029004,53.3101012,-6.3031401,0.00024147200665902203
476,267425322,53.35498292,-6.229219555,53.3549844,-6.2292111,8.583555499594587e-06
477,671007,53.32133995,-6.330980875,53.321312,-6.3308432,0.00014048347990083956
478,358543459,53.335948,-6.297474,53.3360409,-6.2979121,0.0004478415121436783
479,60793454,53.32340936,-6.2500353,53.323412,-6.2501405,0.00010523312026084084
480,658476,53.3247998,-6.2069724,53.3251335,-6.207114,0.00036249999999889805
481,2955929597,53.3384948,-6.3480303,53.3383902,-6.3480619,0.00010926902580371068
483,1294904417,53.357604,-6.2600286,53.3574795,-6.2597863,0.0002724142800980915
484,322699665,53.3578859,-6.268684,53.3578255,-6.2687718,0.00010656922632809274
485,2754160005,53.38408797,-6.294061344,53.3840526,-6.2940847,4.2385606477073675e-05
486,3124957094,53.34249634,-6.293685634,53.3424165,-6.2939065,0.0002348536045194712
487,4238353,53.32927237,-6.334426033,53.3291226,-6.3344069,0.0001509871669680138
488,196400735,53.3421615,-6.351317,53.3421799,-6.3513073,2.0800240378432746e-05
489,12428402,53.35599952,-6.287862085,53.3555922,-6.2876763,0.00044768923219763084
490,1499519378,53.3103493,-6.2817733,53.3112059,-6.2820784,0.0009093126909911196
492,1422244191,53.36811007,-6.21206845,53.3681336,-6.2121645,9.88901582563188e-05
493,2375593291,53.38566688,-6.228942275,53.3850371,-6.2288319,0.0006393789870100961
494,11522103075,53.38236051,-6.149561048,53.3823134,-6.1496407,9.25407650916254e-05
495,305249557,53.400058,-6.19837,53.4001383,-6.1979069,0.0004700103190350216
496,244448522,53.3266191,-6.2431453,53.3267815,-6.2432875,0.00021585782357888558
498,196201412,53.34953624,-6.353243887,53.3497698,-6.3532018,0.0002373216997412608
500,276338896,53.371902,-6.2372442,53.3719443,-6.2371504,0.00010289669576992929
501,26914918,53.34272328,-6.32162641,53.3426974,-6.3219,0.00027481132163740667
502,32336206,53.33942554,-6.307734717,53.3394194,-6.3077299,7.804043121436807e-06
503,1431043205,53.3418287,-6.3075832,53.3418446,-6.3078452,0.00026248201843201023
504,49249328,53.30995462,-6.273602509,53.3099893,-6.2735742,4.476719648279801e-05
505,26389398,53.3843225,-6.2180561,53.3843325,-6.2180683,1.5774663226546916e-05
506,2418853345,53.3590888,-6.1958659,53.3589246,-6.1959631,0.00019081268301690766
507,11675200,53.36373523,-6.282404065,53.3637998,-6.282549,0.00015866770032083334
508,12284046,53.392833,-6.245973,53.3928344,-6.2460218,4.882007783681888e-05
509,255237722,53.33925435,-6.216507913,53.339249,-6.2164945,1.4440604868186473e-05
510,11675543,53.387314,-6.298282,53.3872916,-6.2983335,5.616057336095716e-05
511,2416518731,53.36393054,-6.195366383,53.3638655,-6.1953643,6.507334698951167e-05
513,2801734585,53.34986394,-6.250992591,53.3498553,-6.2509568,3.6819088540654423e-05
514,2488198610,53.31987443,-6.288050115,53.3198562,-6.2880713,2.7948830478097577e-05
515,1261494717,53.371264,-6.329215,53.371252,-6.3292887,7.467054305444987e-05
516,298543130,53.3876804,-6.2580681,53.3875642,-6.2577433,0.0003449601136370416
517,122500884,53.3803857,-6.236131,53.3803024,-6.2362624,0.0001555790795704011
518,305240561,53.396099,-6.2109265,53.3950749,-6.2113863,0.0011225848965687611
519,552390280,53.37761318,-6.276753364,53.3775909,-6.276753,2.2282973226741483e-05
520,670995,53.31928,-6.315243,53.3191161,-6.3150514,0.0002521383945355473
521,27398659,53.37936936,-6.240419447,53.3793551,-6.240546,0.00012735387473135001
522,21620584,53.33394413,-6.262979381,53.3340931,-6.2630084,0.00015177010002104
524,301816289,53.39038876,-6.189186275,53.3903625,-6.1891666,3.2813003899624864e-05
526,666331,53.3404516,-6.3155784,53.3402647,-6.3157507,0.00025420247835345464
527,1707040328,53.3773824,-6.2246943,53.3773101,-6.2248425,0.00016489551237037069
528,11675241,53.379786,-6.28828,53.3797318,-6.288317,6.562499523883513e-05
530,2789181648,53.32240985,-6.294456571,53.3222408,-6.2943254,0.0002139713385941432
531,241019410,53.37142931,-6.202690965,53.371431,-6.2026442,4.679552676308098e-05
532,305255381,53.3976418,-6.2295637,53.3983954,-6.2300529,0.0008984595705948502
533,12428385,53.362704,-6.301878,53.3627618,-6.3018582,6.109729944988657e-05
536,97229759,53.32807166,-6.208759309,53.3280632,-6.2087476,1.4445493448054303e-05
540,13228187,53.39784705,-6.224204176,53.3978188,-6.2239303,0.00027532912282534754
541,440865170,53.36665212,-6.304971723,53.3685819,-6.3047356,0.0019441720395960893
542,12280693,53.387839,-6.238206,53.3879239,-6.2373446,0.0008655737807946791
543,1513152857,53.38829513,-6.214774617,53.3883107,-6.2148033,3.263647329060643e-05
544,25757770,53.3459452,-6.3513999,53.3457505,-6.351482,0.00021130191669891293
545,32436421,53.3828948,-6.1761677,53.3829248,-6.176188,3.622278288207726e-05
546,1422238142,53.3709272,-6.206791,53.3709467,-6.2067241,6.968400103357193e-05
547,1420119485,53.3067128,-6.301091,53.3070493,-6.3012113,0.0003573574401100816
548,91548742,53.317534,-6.285995,53.3171165,-6.286768,0.0008785415471135982
549,1432597820,53.39185354,-6.214926536,53.3918466,-6.2149488,2.332057666490831e-05
550,32335005,53.33639481,-6.24257178,53.3363935,-6.2425773,5.673314728355979e-06
551,192306684,53.3423246,-6.3542352,53.3424465,-6.3546914,0.0004722055166992028
552,147065693,53.344392,-6.376485,53.34397,-6.3737348,0.0027823881900262324
553,196244405,53.34239,-6.338905,53.3423864,-6.338922,1.7376996288666943e-05
554,8515209634,53.3431763,-6.3650815,53.343175,-6.3650572,2.4334748817085566e-05
555,3895050826,53.3843805,-6.2652356,53.3850243,-6.2646468,0.0008724470642953385
556,266998234,53.3697792,-6.277816711,53.3700537,-6.2785698,0.0008015567926969549
557,1130327671,53.393176,-6.263567,53.3931676,-6.2641009,0.0005339660757011772
558,28243741,53.363385,-6.265871,53.363286,-6.2659732,0.00014228787720629773
559,111887507,53.34793052,-6.246103994,53.3479516,-6.2461021,2.1164915216985442e-05
560,26496178,53.374524,-6.256956,53.3744605,-6.2569005,8.433563896905368e-05
561,661392,53.38010538,-6.177531807,53.3798587,-6.1783106,0.000816926899575371
562,541012211,53.368628,-6.260838,53.3686588,-6.2610988,0.00026261241402503215
563,541012197,53.370281,-6.263775,53.3701318,-6.2636664,0.00018453888478766513
564,2496354326,53.319071,-6.234046,53.3191316,-6.2339715,9.603442091116625e-05
565,26496119,53.365964,-6.264514,53.3659401,-6.2644441,7.387299912503672e-05
566,5120232218,53.40150126,-6.264615655,53.4011311,-6.2644449,0.0004076465327058327
568,5543790701,53.38881722,-6.298634242,53.3889066,-6.2987408,0.000139080522589194
569,12280637,53.394033,-6.166281,53.3940436,-6.1661695,0.00011200272318151329
570,266381464,53.37808875,-6.28258769,53.3780888,-6.2826311,4.341002879516148e-05
571,305247750,53.4046087,-6.1883813,53.4027967,-6.1877205,0.0019287303181049675
573,364875071,53.33266689,-6.329490687,53.332901,-6.3303199,0.0008616273506974455
574,1410013998,53.326239,-6.294569,53.325765,-6.296767,0.0022485284076487733
575,49373107,53.38694732,-6.17362034,53.3872346,-6.1739384,0.0004285930027437948
576,666739,53.316102,-6.258838,53.3161371,-6.2585048,0.0003350436538719792
577,666333,53.32107133,-6.254677774,53.3211075,-6.2540705,0.0006083502116179784
578,528733733,53.3898106,-6.3056651,53.3895552,-6.305413,0.0003588642779661515
579,249200901,53.37877,-6.296612,53.3786679,-6.2968134,0.00022580161646863385
580,11675230,53.379361,-6.310933,53.3792546,-6.310624,0.00032680569150541873
582,1420456308,53.34419545,-6.276349215,53.3441495,-6.2763269,5.108191191644848e-05
583,414606481,53.318081,-6.233528,53.3181556,-6.2334174,0.00013340734612276046
584,240088621,53.34966933,-6.22692356,53.3496912,-6.22702,9.88886773105222e-05
585,3650706969,53.395425,-6.163114,53.3960616,-6.1625632,0.0008418076977552918
586,31936602,53.3773202,-6.2155529,53.3773138,-6.2154624,9.072601611398734e-05
587,671008,53.317764,-6.332609,53.3179881,-6.3326503,0.00022787386862439435
588,342090115,53.3359902,-6.2988976,53.3359664,-6.2990674,0.0001714598495277695
589,31093609,53.340156,-6.223261,53.3401086,-6.2231173,0.00015131572951910377
590,301841803,53.399648,-6.159334,53.3996219,-6.1597484,0.000415221109771099
591,28850709,53.3826664,-6.2129617,53.3826698,-6.2128261,0.00013564261867150148
592,4781980869,53.396963,-6.267111,53.3963613,-6.2675533,0.0007467745175064365
593,1422238139,53.36109691,-6.227780202,53.3641497,-6.2278412,0.003053399341732537
594,163132021,53.3680694,-6.2274334,53.3678049,-6.2273532,0.00027639155196946733
595,15482551,53.356639,-6.29659,53.3565877,-6.29638,0.0002161751373314915
596,6378829642,53.3745192,-6.2458056,53.3745567,-6.2457292,8.510705023510999e-05
597,16054038,53.369758,-6.32459,53.3697395,-6.3246009,2.1472307744098014e-05
598,658542,53.3346469,-6.2142741,53.3345367,-6.2144905,0.00024284357105033434
599,671023,53.3094976,-6.2847642,53.3095497,-6.284684,9.56370743993022e-05
600,240088626,53.3524713,-6.224957739,53.3525043,-6.2249473,3.461174253224975e-05
601,2771294716,53.3717,-6.332251,53.3719413,-6.3318719,0.0004493801286248878
602,26496430,53.390134,-6.2745,53.389213,-6.2740934,0.0010067594350238645
603,240396199,53.38294666,-6.20465646,53.3827052,-6.2045278,0.0002735988435691827
604,1530041867,53.3826216,-6.2062264,53.3830431,-6.2058514,0.0005641695223967561
605,1607386,53.3811174,-6.2454129,53.3810396,-6.2453595,9.43631283919371e-05
606,612623535,53.32887825,-6.303362208,53.3288989,-6.3031941,0.00016937155063348632
607,11675717,53.364969,-6.319266,53.3650842,-6.3195947,0.00034830264138967795
608,301810840,53.38808855,-6.199225223,53.3881275,-6.1984974,0.0007288644742539003
610,5167772734,53.32764353,-6.244392851,53.3277124,-6.2445852,0.00020430666827398955
611,13228193,53.3962867,-6.2169049,53.396143,-6.2163788,0.0005453722581858562
612,659788,53.34793766,-6.263643766,53.347914,-6.2636112,4.025344650934105e-05
613,9100861,53.3306178,-6.2518993,53.3307099,-6.2519728,0.00011783318717844106
614,389703,53.32930203,-6.248420171,53.3292805,-6.2483739,5.103475620546322e-05
615,47212118,53.319603,-6.232702,53.31965,-6.2326818,5.115701320632554e-05
616,1432597857,53.3930897,-6.2213413,53.3932092,-6.2216213,0.0003044343114712049
617,32434948,53.38990084,-6.193174381,53.3899013,-6.1931598,1.458825421372556e-05
618,666360,53.3241866,-6.2523517,53.3243339,-6.2527072,0.0003848084458535123
619,1410014052,53.32638273,-6.32219781,53.3263154,-6.3220151,0.0001947210132470663
620,1420144288,53.328099,-6.241527,53.3279868,-6.2416212,0.00014650078498397082
622,1448442,53.340691,-6.265586,53.3406939,-6.2656081,2.2289459391869244e-05
623,666729,53.321366,-6.267498,53.3213408,-6.2675625,6.924803246212898e-05
624,272405930,53.3774714,-6.2580005,53.3773758,-6.2581852,0.0002079746378744526
625,577470678,53.34566978,-6.26503475,53.3457101,-6.2650575,4.6295409056778043e-05
626,12284691,53.38913522,-6.152513016,53.3891408,-6.1524959,1.800260692268877e-05
627,5429845870,53.3652453,-6.204829,53.3655465,-6.2047386,0.00031447352830035557
628,11675757,53.35331181,-6.285299255,53.3533129,-6.2852884,1.0909588672335263e-05
629,359961948,53.32674015,-6.313319206,53.326589,-6.3138704,0.000571542778920344
630,91482803,53.36684735,-6.17264609,53.3670875,-6.1726272,0.00024089179022576866
631,1426961969,53.36716065,-6.194883585,53.3672401,-6.1948987,8.087500061245102e-05
632,26413724,53.3692689,-6.1944541,53.36919,-6.1945167,0.00010071727756352709
633,1426961451,53.362396,-6.19604,53.3624615,-6.1955583,0.00048613284192759195
634,53484116,53.39845917,-6.16003412,53.3984567,-6.1595498,0.00048432629837745733
635,968108527,53.39824711,-6.156052823,53.3992875,-6.1548079,0.0016224193748930866
636,256891511,53.3202912,-6.2059826,53.3200202,-6.206058,0.0002812937254879267
637,1430847136,53.33122057,-6.297950149,53.3311765,-6.2979054,6.280635239439774e-05
638,2789181647,53.320579,-6.2983354,53.3206275,-6.2982328,0.0001134857259739278
639,28850802,53.3902525,-6.1915019,53.3901844,-6.1914648,7.755011282999741e-05
640,298543126,53.3862135,-6.2549866,53.3865435,-6.2538889,0.0011462309060582816
641,27688214,53.30386386,-6.293915394,53.3038826,-6.2938673,5.161608698928515e-05
642,27688164,53.30570543,-6.290911843,53.3058012,-6.2907352,0.00020093442300362355
647,736979902,53.3575631,-6.251277,53.3576463,-6.2510283,0.0002622478407917074
648,606191348,53.33213808,-6.231785119,53.3323053,-6.2317199,0.0001794882903188973
649,67397078,53.3843923,-6.2210689,53.3845372,-6.2208819,0.00023656924990031087
650,258075612,53.313149,-6.2470577,53.3131388,-6.247058,1.0204410816524564e-05
651,4238371,53.342196,-6.32894,53.3421903,-6.3289236,1.7362315514468824e-05
652,4802701903,53.383702,-6.2765,53.3834083,-6.2764151,0.0003057248763188512
653,1573119435,53.34059504,-6.27239547,53.3406087,-6.2722441,0.0001519851061784517
654,4238370,53.342091,-6.325348,53.3420447,-6.325338,4.736760496468038e-05
655,91482807,53.36130857,-6.214753217,53.361318,-6.2147431,1.3830350284173659e-05
656,187658886,53.3785341,-6.2300358,53.3784444,-6.2301038,0.00011256149430758557
658,30979474,53.3420237,-6.2365483,53.3421017,-6.2360254,0.000528685549263745
659,27398676,53.37593724,-6.242346615,53.3758841,-6.2422964,7.311228231178554e-05
660,26770318,53.34760463,-6.241201531,53.3476215,-6.2411872,2.2135366748888695e-05
661,2373223771,53.340641,-6.311762,53.3409712,-6.3117433,0.00033072908853067816
662,26165090,53.33925692,-6.264346684,53.3392591,-6.26433,1.682582110979974e-05
663,135109528,53.3397015,-6.264034095,53.3396473,-6.2641055,8.964549081981854e-05
664,389632,53.34579617,-6.29618408,53.3457913,-6.2961658,1.8917592340919033e-05
665,11661938748,53.34360607,-6.270067957,53.3436078,-6.2699969,7.10780567338797e-05
666,1426051354,53.3441691,-6.2662089,53.3441785,-6.2658996,0.00030944280570033473
667,18896133,53.362105,-6.299983,53.3624979,-6.3000806,0.0004048409193758675
668,133307292,53.336765,-6.2631501,53.3365378,-6.2632841,0.0002637723260672997
670,440865170,53.36807279,-6.30378423,53.3685819,-6.3047356,0.001079026352321043
671,77002043,53.316773,-6.265523,53.3167246,-6.265176,0.00035035918712014047
672,846308369,53.38994938,-6.272031963,53.3900058,-6.2721898,0.0001676178241384382
676,953181582,53.34656,-6.383297,53.3415187,-6.3859135,0.005679857211228998
677,247691221,53.35125441,-6.225855344,53.3512798,-6.2259659,0.00011343403914124573
679,2670213085,53.324163,-6.327237,53.3240965,-6.3272462,6.713337470592454e-05
680,11675796,53.390168,-6.199851,53.3901824,-6.1998459,1.5276452465677905e-05
682,411503277,53.350294,-6.272273,53.3502447,-6.272458,0.00019145623520819407
684,29400048,53.31101916,-6.27828166,53.3113423,-6.2777992,0.000580678147685928
686,559558171,53.3254722,-6.2652374,53.3256942,-6.2650513,0.00028968467339602895
687,606377547,53.377189,-6.275296,53.3784736,-6.2751538,0.0012924465172669047
688,301818034,53.396567,-6.182179,53.3964178,-6.1815415,0.0006547265765176334
689,108019634,53.394581,-6.160919,53.3945603,-6.1609106,2.233942702949248e-05
690,6310880579,53.3761333,-6.2700266,53.3763388,-6.2698477,0.00027246185054039337
691,1469664217,53.37761719,-6.248155097,53.3776804,-6.2481673,6.437714896662457e-05
692,196222371,53.337597,-6.347597,53.337594,-6.347601,4.99999999945544e-06
693,54823298,53.3105567,-6.289794,53.3104601,-6.2898607,0.00011739016142718081
694,243480947,53.37730147,-6.196350693,53.3773053,-6.1963604,1.0435264683761925e-05
695,3483832496,53.373275,-6.194027,53.3753492,-6.1937698,0.002090085519784106
696,241772752,53.36589,-6.195127,53.3659058,-6.1951044,2.757535131256056e-05
697,1095709440,53.366931,-6.203993,53.3668873,-6.2041794,0.00019145404148280005
699,2661402209,53.324038,-6.279767,53.3240006,-6.2797512,4.060049261115267e-05
700,14653167,53.367348,-6.299733,53.3673223,-6.3000079,0.00027609871423112364
701,709714032,53.372135,-6.22266,53.3721455,-6.2226467,1.6945205812854086e-05
702,67079574,53.307467,-6.278622,53.3075047,-6.2780403,0.0005829203890761322
703,12428369,53.377002,-6.264728,53.3771233,-6.2648753,0.00019081661353477844
704,1430068176,53.3728606,-6.26581192,53.3727646,-6.2658779,0.00011648759762805788
705,1230016431,53.382966,-6.317987,53.3829023,-6.3180547,9.2956871724385e-05
706,247957591,53.337647,-6.226662,53.337693,-6.2263273,0.00033784625201457185
707,130253642,53.331854,-6.264628,53.3317939,-6.2646655,7.083967814646104e-05
708,27417734,53.35236989,-6.243559804,53.3523743,-6.2435436,1.6793383102792345e-05
709,247176928,53.3679443,-6.2395667,53.3676778,-6.2396239,0.00027256942234470794
710,1442755,53.3468032,-6.2659467,53.346805,-6.2659153,3.145155004180979e-05
711,26756133,53.34648366,-6.268027771,53.3464833,-6.2680572,2.943120182771153e-05
712,247649804,53.36483797,-6.239865205,53.3648421,-6.2398526,1.3264347890202027e-05
713,10807129106,53.38453092,-6.216289748,53.3844422,-6.216338,0.00010099254380471815
714,321859983,53.35602971,-6.248369515,53.3559561,-6.2483566,7.473439184990267e-05
715,1423546560,53.3733333,-6.2686406,53.3734784,-6.268664,0.00014697472572288995
716,6304109,53.39085398,-6.319652536,53.3908477,-6.3196725,2.0928442273713563e-05
717,2379086595,53.34198093,-6.316827536,53.3419734,-6.3166861,0.00014163630535959926
718,527734964,53.355731,-6.257995,53.3557391,-6.2580298,3.5730239294320766e-05
720,1426048871,53.339405,-6.274768,53.3393866,-6.2747397,3.375574025386322e-05
722,3451017457,53.33270331,-6.2604787,53.332498,-6.2604219,0.0002130221493163473
723,59665180,53.319448,-6.230166,53.3194335,-6.2304197,0.0002541140295221428
724,255238267,53.34024873,-6.21476547,53.3402512,-6.2147336,3.196557210480433e-05
725,31931811,53.3426237,-6.215042,53.3424222,-6.2146796,0.00041465167309253194
726,1813017088,53.399607,-6.26408,53.3988392,-6.2651961,0.0013546940798602454
727,187784968,53.40293827,-6.179582458,53.4028833,-6.1795559,6.104939200385508e-05
728,12117920,53.3674745,-6.2508214,53.367464,-6.2505876,0.00023403565967630003
729,1426100476,53.33867,-6.279439,53.3386606,-6.2794651,2.7741124708279765e-05
730,15413034,53.367229,-6.295876,53.3671587,-6.2960096,0.00015096704938687253
731,12430755,53.365371,-6.28926,53.3653283,-6.2890933,0.00017208189910603903
733,68422447,53.337258,-6.286343,53.3372715,-6.2862494,9.456854656787784e-05
734,330940459,53.359634,-6.23199,53.3569762,-6.2326439,0.0027370579186434124
735,5438601535,53.4016374,-6.1807596,53.4024445,-6.1802835,0.0009370600941268116
736,249752706,53.38053,-6.200682,53.380615,-6.2009885,0.0003180679958753403
737,243480949,53.3785,-6.193925,53.3782378,-6.1944218,0.0005617464552629606
738,15855893,53.33480041,-6.32773608,53.3348266,-6.3277864,5.672758147463744e-05
739,249183582,53.34119,-6.225724,53.3411412,-6.2256822,6.425480526377154e-05
740,7491277317,53.3716879,-6.2450338,53.3723201,-6.2452803,0.0006785566225503742
741,12117945,53.3499139,-6.280252253,53.3498774,-6.2800736,0.00018234347920604825
742,4315710336,53.35052969,-6.279824442,53.3505687,-6.279584,0.00024358599192803734
743,12428435,53.348685,-6.281942,53.3487434,-6.28196,6.111104645810997e-05
744,8914657804,53.3367547,-6.2598865,53.3367512,-6.2594042,0.00048231269939809314
745,1417058887,53.39654693,-6.264009476,53.3967243,-6.264045,0.00018089243067930617
746,31015308,53.3478008,-6.243842338,53.3463753,-6.2435147,0.001462667737065962
747,32436420,53.3792776,-6.1752111,53.3796816,-6.175026,0.000444384979490722
748,32435517,53.38032768,-6.172593241,53.3803078,-6.1723556,0.00023847108688716378
749,1426048717,53.33230783,-6.271553227,53.3323192,-6.2713642,0.00018936864478881314
750,28230869,53.3674069,-6.2553931,53.3675521,-6.2554677,0.00016324276400361378
751,1397022505,53.3314719,-6.2790499,53.3315954,-6.278747,0.00032710955351442116
752,25973666,53.32493616,-6.302289368,53.3248473,-6.302011,0.00029220684972069825
753,32058269,53.348446,-6.279865,53.3484736,-6.2798346,4.10599561587814e-05
754,344668040,53.33536899,-6.289478391,53.3354692,-6.2894668,0.00010087812141833192
755,2837705709,53.3942251,-6.2640546,53.394361,-6.2640355,0.0001372356367747211
756,25757771,53.342419,-6.356215,53.3424192,-6.3561995,1.550129026885389e-05
757,130234380,53.350682,-6.276794,53.3498326,-6.2768951,0.0008553955634674811
758,26189923,53.3324442,-6.2531583,53.3325867,-6.2533119,0.00020952138315869648
759,1426048854,53.33873452,-6.27796845,53.3388105,-6.2778357,0.00015295595084825736
760,26913023,53.34639164,-6.282639314,53.3464033,-6.2826595,2.3311589306181023e-05
761,12428410,53.346885,-6.282501,53.3468793,-6.282512,1.2389108120647433e-05
762,147075601,53.342289,-6.343675,53.3418912,-6.3424542,0.0012839772116367775
763,272391552,53.380966,-6.265633,53.380664,-6.2657407,0.0003206295214085613
764,658464,53.3348904,-6.25591674,53.3344008,-6.2552554,0.0008228479541210858
765,642405023,53.337936,-6.2415366,53.3379888,-6.24155,5.447384693489445e-05
766,32435532,53.388335,-6.182174,53.388143,-6.1822553,0.0002085034532072491
767,307478683,53.323834,-6.33406,53.3238655,-6.3346816,0.0006223976301364744
768,335596132,53.334158,-6.326539,53.3342988,-6.3265001,0.00014607480959835632
769,4426389554,53.33434393,-6.325080693,53.3344852,-6.3252424,0.00021472393147680603
770,330300876,53.33527529,-6.317468584,53.3352341,-6.3175035,5.399762176033288e-05
771,252816911,53.34324077,-6.290988583,53.343346,-6.2911155,0.0001648674552120993
772,2601914801,53.3480536,-6.2897224,53.3479205,-6.2899488,0.0002626262934288105
773,3451159908,53.34718312,-6.28015948,53.347188,-6.2801662,8.304986457393649e-06
774,2576422879,53.3471557,-6.278310944,53.3470856,-6.2783599,8.550263116569394e-05
775,130235976,53.347111,-6.276985,53.3468632,-6.2770429,0.00025447445844012525
776,130236108,53.34707,-6.274992,53.3464531,-6.2752765,0.0006793422259843576
777,480606980,53.34680112,-6.27284357,53.3467314,-6.2724677,0.0003822814869960482
778,10306668145,53.34689962,-6.27047036,53.3470347,-6.2702663,0.00024471838917379453
780,2380664141,53.332423,-6.256284,53.3315263,-6.2561291,0.000909980714079801
781,257819123,53.31049515,-6.251933165,53.3101679,-6.2519172,0.0003276391974774565
782,1396449287,53.34907,-6.26005,53.3490864,-6.2600878,4.120436870062494e-05
783,666331,53.340414,-6.315466,53.3402647,-6.3157507,0.0003214725182672974
785,5438600007,53.4042,-6.183673,53.404207,-6.1836543,1.9967223140761257e-05
786,27688164,53.305697,-6.290874,53.3058012,-6.2907352,0.00017356001843422294
787,3479287918,53.387864,-6.200876,53.3869433,-6.2014093,0.0010640006484975008
788,361221993,53.334098,-6.319621,53.3329244,-6.3195636,0.0011750028595651858
789,59768315,53.330668,-6.215795,53.3305362,-6.2157192,0.0001520423625226941
790,323177783,53.335698,-6.220275,53.3357736,-6.2204395,0.00018104035461873066
791,1422244165,53.36685706,-6.218630618,53.3668726,-6.2186339,1.5882793330994974e-05
792,527838244,53.386831,-6.301838,53.3858585,-6.3014898,0.0010329566738282762
793,305306642,53.3452253,-6.2689572,53.3449749,-6.2699508,0.0010246663456966061
794,301833903,53.38994621,-6.15647851,53.3889399,-6.1563612,0.001013124598557455
795,255544830,53.347657,-6.341119,53.3482768,-6.3426739,0.001673877549286194
796,5029099782,53.34793861,-6.257392184,53.3479706,-6.2573305,6.948579679196066e-05
797,12119423,53.40095105,-6.182459776,53.4002954,-6.1838036,0.001495239066331537
798,12639638,53.3768108,-6.309315111,53.3767788,-6.3092112,0.00010872670288986194
799,429347181,53.33494514,-6.346468127,53.3349701,-6.3466119,0.00014592353178637037
800,15852429,53.33302574,-6.355620325,53.3330486,-6.3555291,9.40456284210473e-05
801,659807,53.3379826,-6.255803283,53.3380021,-6.2558594,5.9408481625864886e-05
802,241003256,53.373101,-6.20985,53.3729078,-6.2094946,0.0004045187263890243
803,291661600,53.397814,-6.188098,53.3979276,-6.188314,0.0002440511421840614
805,32435522,53.382742,-6.179632,53.3827533,-6.1799696,0.00033778906139762935
806,247957592,53.31763,-6.215483,53.3178761,-6.2150872,0.0004660717219472992
807,1426100691,53.34669897,-6.247829761,53.3466333,-6.2478842,8.530037292220183e-05
808,12905886497,53.34804971,-6.247895921,53.34825,-6.2485035,0.0006397408266965525
809,241775025,53.370071,-6.201194,53.3699818,-6.2000482,0.0011492668445580105
810,333099224,53.383593,-6.311929,53.3837496,-6.3121521,0.00027257507222965737
811,1427047508,53.37747505,-6.187212576,53.3774156,-6.187678,0.00046920550111434885
812,59666590,53.319423,-6.213612,53.3193948,-6.2134141,0.00019989909954887025
813,445499045,53.331412,-6.373321,53.3315016,-6.3732615,0.00010755654327118979
814,305240810,53.393521,-6.207428,53.3936842,-6.2072054,0.00027601630386787934
815,94597780,53.399463,-6.303263,53.3994637,-6.3033556,9.260264574999125e-05
816,240088666,53.3533472,-6.2233522,53.3531035,-6.2236718,0.00040191273928476734
817,240088633,53.3542989,-6.2244639,53.3543327,-6.2242192,0.00024702333897758214
818,11273326585,53.35466094,-6.221082658,53.3546594,-6.2209239,0.0001587654690546201
819,32334980,53.338312,-6.236822,53.3380933,-6.2369376,0.0002473722902876194
820,291661553,53.399339,-6.205722,53.3992356,-6.2057381,0.00010464592682031186
821,12868513,53.3965717,-6.2938033,53.3963506,-6.2934566,0.0004112008025313293
822,2387483495,53.4095579,-6.2142442,53.4095829,-6.2143539,0.00011251262151226554
826,2627563421,53.343796,-6.372084,53.3437635,-6.3720721,3.461011412519379e-05
828,1130327672,53.3956933,-6.2640744,53.3953257,-6.2643153,0.00043950263935231077
830,298908463,53.3840774,-6.2436444,53.3828825,-6.2441915,0.0013141934484710005
832,12117926,53.36240082,-6.242117291,53.3624208,-6.2421584,4.5707223512611713e-05
833,1267301412,53.34247966,-6.23919209,53.3424399,-6.2388034,0.0003907182791990038
834,1265025671,53.39810787,-6.23868547,53.3973388,-6.2387868,0.0007757167226476506
835,170835371,53.396273,-6.23979,53.3972359,-6.2398631,0.0009656707616963709
836,254510279,53.33118,-6.244276,53.3313149,-6.2441192,0.0002068435399033891
838,8589759536,53.345455,-6.299534,53.3480582,-6.2996454,0.002605582506845279
839,241787798,53.36289792,-6.17840837,53.3628897,-6.1783849,2.486783665820468e-05
840,411503314,53.348519,-6.268828,53.3483103,-6.2695359,0.0007380231026200024
841,2401018415,53.397227,-6.185557,53.3971436,-6.1858342,0.000289474351195934
842,18896386,53.360463,-6.2674779,53.3602976,-6.2660835,0.0014041753879062494
843,8589759536,53.348227,-6.301325,53.3480582,-6.2996454,0.0016880608993759298
844,355146341,53.328973,-6.233176,53.3291118,-6.2331256,0.00014766719337945384
844,355146341,53.328973,-6.233176,53.3291118,-6.2331256,0.00014766719337945384
845,3113042611,53.312383,-6.272338,53.3126403,-6.2712746,0.0010940853942913607
846,688693293,53.321519,-6.23054,53.3217313,-6.2303617,0.0002772402928883146
848,2406479496,53.3138185,-6.2028282,53.313782,-6.202609,0.00022221811357208223
849,564502659,53.326105,-6.255747,53.3258017,-6.2554132,0.00045101366941570153
850,336167572,53.35206774,-6.232771734,53.3522888,-6.2328651,0.00023996819279511154
851,305249700,53.40093736,-6.194885252,53.4009423,-6.1948561,2.9567595505085127e-05
852,659695,53.3567389,-6.267994,53.3567651,-6.2679345,6.50129986975447e-05
853,13228204,53.375017,-6.217651,53.3748814,-6.2173183,0.00035927238969938257
854,688515617,53.322266,-6.218324,53.3221382,-6.2179139,0.00042955191770055777
855,581596083,53.35125905,-6.242030216,53.3512711,-6.2420337,1.2543554356191563e-05
856,27417749,53.35053347,-6.240965391,53.3505379,-6.2410338,6.855228793462332e-05
857,305255653,53.39719483,-6.233126521,53.3974929,-6.2337012,0.0006473806283358403
858,2815898053,53.3977605,-6.2269591,53.3983282,-6.227131,0.0005931550387591872
859,1293990890,53.402661,-6.162534,53.4027059,-6.1625415,4.5522082552288114e-05
860,2685561284,53.34939735,-6.245839442,53.3494423,-6.2458179,4.9845363518624966e-05
861,5267825612,53.3490603,-6.240951298,53.3491214,-6.24096,6.171656831382576e-05
862,566889788,53.34889765,-6.238774959,53.3489559,-6.2387891,5.994189170570621e-05
863,1396869619,53.34883901,-6.237783794,53.3487898,-6.2377815,4.926344015623409e-05
864,3452333453,53.34878187,-6.236484842,53.3487996,-6.2365142,3.4296429316467906e-05
865,256892539,53.34870419,-6.235304389,53.3487382,-6.235278,4.304717669060919e-05
866,3452393377,53.34848893,-6.232032712,53.3484832,-6.2320147,1.8901456135900556e-05
867,3613389046,53.34821967,-6.229872971,53.3482873,-6.2298366,7.67897554464346e-05
868,1346901,53.3461935,-6.2408362,53.3461347,-6.240467,0.0003738530192471583
870,31053762,53.344494,-6.240785,53.3444866,-6.2407922,1.032472759492296e-05
872,6072219371,53.4058837,-6.1630263,53.4055137,-6.1632347,0.0004246534587137146
873,1497238368,53.34740649,-6.238067497,53.3474186,-6.2380284,4.092954322998244e-05
874,291661251,53.40741754,-6.215429635,53.4057905,-6.2156061,0.0016365815157852388
875,11675303,53.40653831,-6.177218556,53.406621,-6.1776219,0.0004117329455317073
876,325723546,53.34910591,-6.34386685,53.3489834,-6.3436218,0.0002739675210665995
877,7503377627,53.33205627,-6.346399636,53.3317853,-6.3466341,0.0003583268175805365
878,2407371311,53.39955845,-6.27600378,53.3994629,-6.2762163,0.00023301191578854757
879,665694735,53.349755,-6.277562,53.3497604,-6.2776492,8.73670418409651e-05
880,49393480,53.3852,-6.175073,53.3854483,-6.1748826,0.0003128978267763591
882,32335006,53.3344147,-6.245635833,53.3343833,-6.2456657,4.3335870699737486e-05
883,29400038,53.330591,-6.260314,53.3305855,-6.2603245,1.18532695914003e-05
884,16157063,53.355094,-6.293402,53.3549696,-6.2936824,0.0003067564506260971
885,26866909,53.358562,-6.26723,53.3584367,-6.2670729,0.00020094899850495513
886,32435520,53.383868,-6.183591,53.3838785,-6.1835795,1.5572411503889692e-05
888,4893025557,53.4022901,-6.1764758,53.4021636,-6.1764863,0.00012693502274815997
889,6071528315,53.4016729,-6.1712525,53.4019415,-6.171429,0.0003214003889219279
890,12280622,53.3981722,-6.161157,53.3987668,-6.1613028,0.0006122146682326152
891,696250337,53.3356713,-6.3802203,53.3355593,-6.3799314,0.00030985030256626937
892,1426048748,53.33391929,-6.2749169,53.3341113,-6.27482,0.00021507545211490152
893,1426100669,53.34595293,-6.237992362,53.3459616,-6.2380164,2.5553754010096487e-05
894,453178969,53.338241,-6.293221,53.338267,-6.2929501,0.0002721448327645441
895,2374841854,53.33867237,-6.271995891,53.3384187,-6.2724461,0.0005167558539388646
896,26413739,53.370145,-6.2030014,53.370332,-6.2028964,0.00021446211786403026
897,308961143,53.34726984,-6.23554635,53.3472502,-6.2355385,2.1150699756739246e-05
898,4956602392,53.34687582,-6.230093819,53.3468565,-6.2300998,2.022460780792499e-05
899,2373041002,53.4002683,-6.2578403,53.39953,-6.2587453,0.0011679520067209208
900,2373042522,53.398908,-6.250929,53.3978997,-6.251309,0.0010775290668887606
901,5121021325,53.39777504,-6.24676364,53.3973188,-6.245064,0.0017598099520114339
902,18896386,53.3602205,-6.265651,53.3602976,-6.2660835,0.00043931840389465477
904,330940459,53.35688453,-6.2318516,53.3569762,-6.2326439,0.0007975855307740574
905,12867434,53.379054,-6.314165,53.3792362,-6.3146625,0.000529814203284062
906,279042305,53.37220112,-6.252867882,53.3717317,-6.2531797,0.0005635473374306201
908,2865089339,53.34734186,-6.257279905,53.3473354,-6.2572232,5.7071784841278145e-05
909,1419534541,53.34335666,-6.282957929,53.3434046,-6.2837308,0.0007743563948471435
910,137931323,53.3397065,-6.3181054,53.3397285,-6.3185097,0.0004048981229886322
911,57744042,53.34080624,-6.255313964,53.340836,-6.2553019,3.211226706770284e-05
912,7995870236,53.364189,-6.299197,53.364184,-6.2991297,6.74854799203104e-05
913,472223536,53.370437,-6.306274878,53.3690742,-6.3056177,0.0015129794326728065
914,305406135,53.3944578,-6.2132561,53.394456,-6.213337,8.092002224456583e-05
915,248018783,53.3843106,-6.2361099,53.38453,-6.2362915,0.00028480681171563787
916,12867384,53.3636101,-6.281448571,53.3635022,-6.2807753,0.0006818623390699156
917,267001617,53.39506041,-6.245358339,53.3950106,-6.2455178,0.00016705941045330543
918,2374907950,53.3791466,-6.2697465,53.3792612,-6.2693756,0.0003882009402369182
919,57744040,53.34099019,-6.258308675,53.3412893,-6.258262,0.0003027298262893348
920,5099319590,53.34177899,-6.258081961,53.3417982,-6.2581108,3.4651291763717127e-05
921,5591654762,53.345857,-6.259118,53.3458229,-6.2591653,5.8310376435667674e-05
922,5300250112,53.35122248,-6.260881599,53.3519419,-6.2610744,0.0007448069293482268
923,20447295,53.35336987,-6.259660073,53.3533742,-6.259676,1.6505097059890533e-05
924,1396865247,53.3501151,-6.2584238,53.3501328,-6.2582119,0.00021263795521977234
925,8613842649,53.35087364,-6.264865487,53.350985,-6.2646222,0.00026756235529049326
926,791435871,53.35975712,-6.27852258,53.3596148,-6.2791091,0.0006035401335447503
927,791435880,53.36090012,-6.279289924,53.3604285,-6.2803754,0.0011835047828265503
928,321851723,53.35348228,-6.272998577,53.3534852,-6.2729661,3.260800406383894e-05
929,5243937614,53.35365554,-6.274313851,53.3541956,-6.2746157,0.0006186902475390068
930,901763,53.35022459,-6.355119205,53.3505249,-6.3560683,0.0009954734627923036
931,2398342349,53.371392,-6.20727,53.3712639,-6.2070362,0.000266593417022069
932,26756045,53.35237199,-6.268940064,53.3521653,-6.2690429,0.000230859262312582
933,278524737,53.3311197,-6.2814447,53.3311409,-6.2815935,0.000150302628053909
934,1427047486,53.376608,-6.190334,53.3766053,-6.1903284,6.2169124149666536e-06
935,431398964,53.349874,-6.229636,53.3498673,-6.2296431,9.762171889210394e-06
936,273116329,53.347106,-6.261071,53.3471379,-6.2610363,4.713491275313226e-05
937,11675288,53.37132,-6.16682,53.3740817,-6.1645798,0.0035560487805996375
938,1813017056,53.39740718,-6.266421565,53.3975507,-6.2663329,0.0001686993557291344
939,5438601617,53.39909506,-6.16222271,53.3989807,-6.1619503,0.0002954410562184748
940,324343708,53.3242753,-6.2399135,53.3238087,-6.239374,0.0007132852234530275
941,1447308,53.34529929,-6.246349529,53.3451502,-6.2466307,0.0003182529800980611
943,5380872437,53.314991,-6.22605,53.315056,-6.2260426,6.541987465520456e-05
944,181310547,53.31598865,-6.227857213,53.3165892,-6.2285257,0.0008986296076082589
945,26414244,53.3204572,-6.31609585,53.3205078,-6.3162468,0.00015920509571049188
946,36564922,53.3645453,-6.1765215,53.3643651,-6.1763612,0.00024118069989322009
947,2407384720,53.403,-6.27386,53.4030685,-6.2739961,0.00015236620360360278
948,11675189,53.3671289,-6.3021912,53.3673827,-6.3023581,0.00030375985580964555
949,12115006,53.3774724,-6.332771,53.3773647,-6.3333367,0.00057586090334414
950,241020822,53.37215173,-6.19418771,53.3714294,-6.1953785,0.001392746011663606
951,25757770,53.3450729,-6.350855,53.3457505,-6.351482,0.0009231851168664798
952,7503974617,53.3909995,-6.1748542,53.3909225,-6.1752377,0.00039115374215199084
953,1130327715,53.40352,-6.28213,53.4035278,-6.2821393,1.2137956993269922e-05
954,75687004,53.313895,-6.297176,53.3138689,-6.297168,2.7298534758778012e-05
955,597824932,53.40287,-6.17049,53.4032612,-6.1704514,0.00039309973289509005
956,10069486558,53.355832,-6.278219,53.3557418,-6.2782064,9.107579261495904e-05
957,10815328206,53.3731085,-6.2998074,53.3732381,-6.2999042,0.00016176031651917702
958,3130235687,53.354989,-6.278435,53.3553005,-6.2782799,0.0003479773843181321
959,658583,53.332108,-6.215835,53.3320992,-6.2157572,7.82961046286665e-05
960,255234993,53.339982,-6.236487,53.3407368,-6.2363252,0.0007719470707273406
961,2414407638,53.4071622,-6.2284142,53.4071353,-6.2289477,0.0005341777419553611
962,278304759,53.334028,-6.290622,53.3340472,-6.2905796,4.65446022635836e-05
963,9923629655,53.33929,-6.23658,53.3382574,-6.2359228,0.0012239994281001887
964,4791105924,53.3575192,-6.286843,53.357373,-6.2872676,0.0004490652513817722
965,597818545,53.40815,-6.16195,53.4081505,-6.1619841,3.410366549182855e-05
968,2468942558,53.341474,-6.270088,53.3415753,-6.2700832,0.00010141365786161474
974,12428375,53.362728,-6.311709,53.3627128,-6.3116946,2.0938003724952697e-05
1002,26914099,53.347053,-6.291793,53.3469685,-6.2922417,0.0004565872753370841
