from_node,to_node
32336206,12784893
32336206,339016297
301841803,187761439
2892088923,5593384415
2892088923,659788
2892088923,1396449287
1426051354,434149497
1426051354,26912118
1426051354,1426051367
658429,4836679335
658429,658464
658429,453482563
658429,8914657805
248380828,248380682
248380828,301832406
163132021,3646191111
163132021,3646191114
163132021,60001702
2626146603,25757771
2626146603,8515209793
2791792365,11841447179
2791792365,11841447177
257819123,43326250
257819123,43326231
665856,563895143
665856,563887684
665856,665860
192308498,192308465
192308498,192308503
192308498,192308520
5438601617,12280620
5438601617,5438601595
12649673,130236108
12649673,14955927
12649673,12649688
12649673,621545471
1396443488,2801734585
1396443488,111887558
1396443488,389379
11970102178,2581809747
11970102178,1284630461
3393611301,1430506662
3393611301,12427920
11273326585,240088666
11273326585,240088639
1430467324,279042305
1430467324,5396467485
67079574,67079571
67079574,671034
53484116,12280622
27688164,27688214
19192123,26413724
19192123,661455
19192123,1427047467
19192123,243480950
1442755,3451120784
1442755,26756133
1442755,195865275
1442755,18940355
12284657,28850808
12284657,2941844024
12284657,301829039
10069486558,104517865
696250337,696250191
3113042611,41173172
3113042611,255425838
4836679335,658464
4836679335,21620584
4238363,335750446
4238363,259573748
4238363,5812350367
26414595,243643704
32475584,32475585
32475584,130158815
32475584,26166033
32475584,130157149
11675303,2975697898
11675303,317494832
321859983,131037743
321859983,131037476
321859983,336142146
25973666,25973665
25973666,26414320
25973666,1410014030
26414332,26414351
26414332,5629129026
26414332,4898446741
26414332,5629129023
355146355,1420144428
29400048,671028
29400048,684995621
29400048,247391980
5438601535,12119423
5438601535,11675301
5438601535,4523227758
1294005414,5300250112
1294005414,3451922921
1294005414,1294005409
1294005414,532751179
196400735,181478091
20299841,20299837
20299841,1415542335
20299841,1294904416
26413724,26413718
26413724,241771992
12119108,659745
12119108,4002584843
12119108,10557731336
12119108,8613842665
12280645,12640060
12280645,19080521
12280645,12280643
1422254055,314505123
1422254055,2368336819
1422254055,456900223
1422254055,12861846727
15413104,15413102
15413104,657350
15413104,657351
661258,241080763
301818034,301818029
3451017457,3451017461
255234993,32334980
255234993,90252277
2837705709,1417058887
2837705709,1130327727
2837705709,1496749462
307478674,10709985869
307478674,10709985867
307478674,15852474
2771294716,6303812
411503314,1396845249
411503314,411503284
440865170,472223536
440865170,11675190
440865170,14653150
42503652,12117926
42503652,1422207311
42503652,247649450
559558171,337429610
559558171,1426048626
240407606,2423191789
240407606,91469713
12428402,11675220
12428402,1396426605
12428287,11675200
12428287,12867381
901716,196201412
901716,192534209
4229545820,4229517045
4229545820,2380689165
241787798,1423594539
241787798,11956065584
20447295,3451922921
20447295,3451922931
20447295,453171574
32336040,278524351
32336040,32336041
32336040,54850104
32336040,32336039
1430068176,19080459
1430068176,12428371
1430068176,1423546560
480606980,480606981
480606980,4043189649
240088626,247691221
240088626,12649666
240088626,26759862
240088626,12649667
1261227677,32335040
1261227677,60790663
1261227677,1261227681
527734964,20299837
527734964,20299832
527734964,20299876
1426048717,1397026917
1426048717,32475580
1426048717,1426048731
344668040,278304759
344668040,914786403
31926608,31926600
31926608,984316091
31926608,31926643
28230869,479669465
28230869,28230647
28230869,28231265
389142086,389142088
389142086,19223901
389142086,600567209
1346905,30977317
1346905,31015271
1346905,4077285429
1261494717,3022827752
1261494717,12270001930
13228187,4427842681
13228187,2815898071
13228187,11675770
1469664217,1607386
1469664217,205216477
278524737,32475555
278524737,1397022502
3451120784,659788
3451120784,10305180061
49393480,49373107
49393480,1523894764
305249557,305249727
606377547,606377549
57744042,659809
57744042,1431043168
57744042,57744043
12428375,12428382
12428375,12428376
26866512,11675963
26866512,938929601
3072554421,3072554418
12117920,1607381
12117920,248738148
12117920,248739525
305249700,2752694861
305249700,305249351
325723546,255544830
597824932,4893025544
597824932,5047473961
55457278,54819670
55457278,82661790
276338896,1432780755
276338896,1457692062
1276537837,4802701903
1276537837,305412062
1276537837,1276536118
1396869619,1497238368
1396869619,2861851173
26414244,670995
26414244,4896173236
736979902,2413658311
736979902,3119447218
59612074,1139345132
59612074,59612075
59612074,16712016
671023,6368908343
671023,27688179
671023,1320523609
1230016431,333099190
1230016431,1230024565
4222238,8515209795
4222238,8515209797
4222238,147070210
389677,389678
389677,130253646
13260052,13259932
13260052,181478091
2496354326,43326203
2496354326,43326199
27398679,27398676
27398679,280123278
27398679,247176936
12867383,18896419
12867383,16056898
12867383,497075347
670950,96876598
670950,7015438929
670950,2371613112
243480949,243480948
243480949,26384730
243480949,301813621
901698,325720135
901698,2952674744
901698,25757763
6310866598,649296726
6310866598,6310866597
6310866598,19080386
6310866598,1423064479
32436421,32436427
32436421,3198747254
32436421,1528688230
1130327671,1358290508
1130327671,1496749460
1130327671,1130338700
46563731,255315673
46563731,671036
12428755,6303849
12428755,12428385
241003256,1432596811
241003256,42503290
272405930,28233414
272405930,28233334
12428410,3451159904
12428410,1396441238
12428410,26913023
12428410,733846501
2373976058,1430847084
2373976058,147086245
2373976058,2373975862
1396865247,659815
1396865247,1294005409
1396865247,133459033
247701137,4238353
247701137,32178622
247701137,4043161894
28850802,32434948
28850802,1432780892
28850802,1432780787
16054038,13128590
16054038,1261494718
2407384720,2407384745
389676,340862535
389676,130253642
389676,369213150
389676,49245967
15482563,15482562
54851186,12283739
54851186,12283738
1426821217,606191349
1426821217,613146316
1426821217,289889578
1426821217,297464679
4238407,307480507
4238407,32336047
4238407,2373587348
4238407,32336151
658464,26189923
658464,9101323
71225219,1396960579
71225219,12792674
5296502918,4864274282
5296502918,5296502917
5296502918,11675765
20627000,26866909
20627000,442727199
1442736,2865089339
1442736,389314
1442736,3452011304
1442736,2892088915
15855896,15855893
15855896,360406208
2375592345,28850709
2375592345,5167182788
2375592345,5167182786
12428431,12117945
12428431,1408484693
12428431,1396434747
389292,1396960579
389292,5029099782
389292,724160322
389292,3594514232
3260618602,389365
3260618602,540403070
3260618602,540403072
49373107,49373105
361221993,321836997
91538503,59802264
91538503,4206671229
1448444,652232936
1448444,1397022510
1448444,32475578
1448444,670982
1530041867,1530041887
1410014374,2389808000
1410014374,14957882
1410014374,2389807993
1410014374,7501823788
1095709440,26413733
1095709440,26413605
1095709440,5428518026
671005,2670213085
671005,2581825635
671005,2809688854
671005,32019250
11518167044,1423594539
11518167044,11518167038
135109528,26165090
135109528,9101656
135109528,135109534
357226099,357226098
357226099,336143240
355146341,1420144428
355146341,355146344
355146341,688693445
355146341,324343695
1497230537,659821
1497230537,1497243682
1497230537,1497230534
272391552,1139345104
272391552,3821313686
19080459,1420079620
19080459,380884386
32019360,2373794558
32019360,4210251305
32019360,2370760043
8515209634,8733023793
8515209634,320022997
1427047508,1427047486
1427047508,1427047541
196201412,901807
1497238368,308961143
1497238368,453175582
17648104,544457883
17648104,32176232
17648104,544457882
17648104,530287775
7995870236,18896129
7995870236,7995870240
7995870236,7995870235
1396454306,5029099782
1396454306,133459132
1396454306,3621522723
1396454306,511114288
7015624035,313712115
7015624035,446749000
7015624035,2465416044
7015624035,7015624039
43326284,2461880048
43326284,258075708
2370573226,2370573191
2370573226,389680
2370573226,26164989
26496430,26496429
1426048854,1426048871
1426048854,1426100476
1426048854,1426048839
2416518731,1426961451
2416518731,1426961644
1427047486,1427047467
4802701903,8936526690
1430847042,2488198610
1430847042,2789264781
1430847042,4196028854
658463,450659125
658463,564502838
658463,450711424
2418853345,1426960841
2418853345,36530380
2955929629,2955929609
147075601,196244405
147075601,13260050
147075601,196244378
11675796,1521661139
11675796,11675794
11675796,374552105
1396960579,267427738
1396960579,1396960574
59666590,638789821
12784893,1431043205
12784893,259573276
5593384415,273116329
5593384415,11611585345
612623536,612623553
612623536,2835039864
4238371,903978413
4238371,26914997
130245808,29400038
130245808,2370573191
130245808,130249419
323177783,654051846
323177783,658571
323177783,323177787
130234380,665694735
130234380,12649686
130234380,130234349
1448436,26912118
1448436,26911837
1448436,26165637
1422244191,1426962049
1422244191,2401303757
12640083,26913023
12640083,12640084
12640083,26912926
25757806,358414409
25757806,5869735394
25757806,2609552131
29396438,389678
29396438,32335995
29396438,252311731
29396438,32336030
3650706969,108008696
3650706969,12280637
3650706969,108019598
1426961451,1432780743
3124957094,365307071
5591654762,3452011304
5591654762,5591654764
5591654762,1426051374
358543459,32475493
358543459,358543487
358543459,32475512
658472,133357746
658472,27434872
658472,32335267
661497,11518167038
661497,1426960841
389339,442374639
389339,57744040
389339,32233860
846308369,846308294
846308369,11675480
846308369,846308301
389503,330928747
389503,240380197
389503,357226098
389503,1508507003
659815,26161118
659815,133457972
305255381,305255341
27398659,27398676
27398659,3380016794
36564922,11956065584
36564922,661328
36564922,4199183466
581596083,27417749
32334985,536794620
32334985,32471791
32334985,1260885026
12867290,12867287
606191348,606191349
606191348,606191343
8762813380,259151612
1499519378,1499519379
291661553,305245772
2815898053,2815898033
53463893,30979626
53463893,255237540
53463893,53464363
442727196,442727199
442727196,20447282
442727196,26765434
389462,9694573196
389462,3498127425
389462,241889612
565672574,259594799
170835371,1607389
170835371,170835348
301816289,1432780892
301816289,1432780896
472223536,453182881
12867448,12428369
12867448,1139344941
12867448,6313497341
12867448,28233327
32019322,2373794558
32019322,1410014011
32019322,364874977
12280693,12280690
12280693,242752195
5120232218,1417046294
5120232218,32525706
710547269,20447270
710547269,1415538921
710547269,131037388
710547269,12747826204
6304109,528733570
6304109,528733589
59816068,1308975832
59816068,560602904
59816068,59816058
2399564654,2399564659
2399564654,2386573296
2399564654,247694021
6310880579,6310866612
6310880579,6310880578
6310880579,703039281
32435532,301804347
11675225,333099179
11675225,4794416014
248018783,11675271
248018783,122548879
31931811,321876223
4426389554,335596132
4426389554,339324656
3977166162,712555667
3977166162,31054551
340862535,389685
31093609,60790688
671024,6368908343
671024,671027
389304,2374841813
389304,458897156
389304,2374841982
442374639,659807
442374639,659809
30979474,1267301412
30979474,30979529
30979474,90252277
912115780,1408679652
912115780,1426048890
559288532,5207211666
559288532,559288531
559288532,3451879903
4238353,9359491727
2488198610,583373279
256891511,31926600
256891511,688820863
256891511,256891509
117707333,4238390
117707333,5585532881
108008682,458225191
108008682,32435465
240088621,247691221
240088621,2537204251
3130235687,104517922
31015308,1527993
31015308,408487633
31015308,30977480
389703,317726060
389703,1420144383
137931323,335750448
137931323,335717620
20447276,20299837
20447276,20447275
671008,2581809749
671008,364874851
2661402209,96874576
2661402209,91595434
8066331593,27398684
8066331593,3727694905
12639664,1396858852
12639664,672383
12639664,10050840446
224035897,11289729948
224035897,1431043268
224035897,11289729968
255237548,60790688
14955950,9043911415
14955950,28237219
122500884,205172481
122500884,6045125936
4214979832,2789181648
4214979832,2789264781
4214979832,75681230
31936622,31936602
31936622,5753477076
661474,241029119
661474,243467350
5300250112,3451922932
5300250112,5300250111
11675266,3380016794
11675266,205172481
11675266,1469664224
11675266,247958816
528733733,528733737
13228204,9694573196
13228204,5109218209
13228204,241003240
11675273,1705644423
11675273,1432597489
11675273,4697250432
11675273,122500879
666731,51156127
666731,60955837
666731,51156103
666731,54859729
16157063,12246878
16157063,4238390
16157063,16157101
4009885977,8914657804
4009885977,26165090
4009885977,21620852
4009885977,9101552
442394468,3133124968
442394468,3133124965
442394468,2369340258
247176553,357225035
247176553,330928701
5243937614,321851723
77002043,54859727
77002043,60955956
1420114293,2745264347
1420114293,11181160946
791435871,791435878
791435871,133462791
659788,195865275
12792674,5297738717
12792674,1431043279
12792674,267427740
1267301412,30977317
26770318,111887507
26770318,2861851173
26770318,408487636
26770318,453175581
49249328,40130007
49249328,49249321
49249328,40121849
1410014052,1410014011
1410014052,361218703
3452333453,256892539
2401018415,12119416
2401018415,2401018412
2401018415,4860582754
12428435,1408484693
12428435,1008271001
12428435,1008270957
411503277,662925853
411503277,411193759
1410013998,1410013882
1410013998,1410014122
1410013998,2121574711
659804,659803
659804,133357746
659804,659802
32335097,32335099
32335097,5573794016
12280622,12280620
12280622,12280624
385560359,3133124968
385560359,1426048987
385560359,448020525
2784725491,60790659
2784725491,2784725492
2784725491,243643628
12283573,333097130
2576422879,130235976
2576422879,4970207208
2576422879,514897341
12639638,2476049230
12639638,6303942
12639638,262896731
1426048871,137905289
1426048871,666094759
187784968,11675301
187784968,2814548836
187784968,5497736664
91548742,2782942214
389332,26911837
389332,550879544
2425181630,389679
2425181630,559572093
11676194,18161320
11676194,11675265
108008696,12280625
13128590,6303849
13128590,15482783
342090115,4375856688
541012197,1449160924
541012197,26496191
642405023,662179
642405023,91709153
305306642,11661938748
305306642,1396858852
305306642,305306643
9836579988,31093638
9836579988,2907541391
12640060,12280671
12640060,1276534300
26389284,1432597567
26389284,26389279
7491277317,27398684
3664132465,1420456304
3664132465,1574285202
3664132465,2364287152
26189923,9101069
26189923,32335694
6072219371,374604093
6072219371,2940703842
12117928,131037743
12117928,249090702
12117928,1415548346
12117928,472767314
243480947,243480950
243480947,243480948
307478683,10709985869
307478683,307478689
32335403,254510279
32335403,32335290
32335403,32335404
15855893,4834790938
4238365,335750446
4238365,2399542209
4238365,2399542205
20447270,131034281
20447270,26161117
18896133,18896129
6071528315,5438601554
6071528315,1505722585
6071528315,3825229964
12280637,12280639
43314848,41169062
43314848,666681
3128331363,616033052
3128331363,1396434752
2380664141,130249415
26389432,11675276
26389432,26389457
26389432,12280683
75687004,90391644
75687004,14957898
75687004,75681356
659807,453482563
659807,11742085278
32436420,32436417
32436420,661280
32436420,32436418
2398342349,1422238142
2398342349,1432596811
2398342349,1422238157
659686,659687
659686,104519448
5286717172,3594434240
5286717172,267427738
5286717172,267427747
5286717172,132727767
3479287918,11675805
3479287918,42503598
10306668145,411503278
10306668145,3451159937
10306668145,411503273
147065693,2627563421
431398964,3613389046
431398964,31095520
431398964,27417887
12867434,6303962
12867434,12867315
1420119485,990221696
1420119485,1420118252
1420119485,4911674621
28256484,28244567
28256484,28256488
28256484,28251159
4696484881,32434961
4696484881,32434954
666331,335750448
666331,335717390
13128631,13128684
13128631,15413043
10815328206,438282879
10815328206,13128652
330928747,31094871
12119418,187780985
12119418,187780993
11661938748,305309020
11661938748,2705523726
32058269,712233927
32058269,1488933681
32058269,269170101
252816911,1431043267
252816911,2372759920
658476,688820837
658476,62044347
26866018,26865955
59816067,96869458
59816067,96842205
59816067,585345785
291661600,291661592
291661600,4892956246
1259427195,5419437478
1259427195,12284046
1259427195,1259427233
14957903,583373270
14957903,14957904
163026318,2423069970
163026318,301802142
359961948,364875186
359961948,364875190
359961948,364875194
91482803,11675288
91482803,661328
3452393377,3613389046
3452393377,31095534
3452393377,31095548
3451922932,3451922931
3451922932,3451922938
3451922932,3621526490
28243741,18896374
28243741,28243783
5438600007,297557863
135109495,135109491
25757797,359961874
25757797,4310052704
25757797,4043127489
7015043136,1422255761
7015043136,659822
7015043136,1426100627
7015043136,132727765
21620584,130159360
21620584,389681
255237722,255238267
255237722,249237426
247649070,247649812
247649070,60001730
32335103,32335099
32335103,32335104
32335103,2803154398
5099319590,5207211666
5099319590,57744040
5099319590,5099319588
389666,2383668108
389666,2383668119
389666,2383668117
389666,2383668112
389666,2383668109
1422238139,241029119
1422238139,1422244138
1422238139,7015280858
577470678,389279
577470678,26911362
12867384,11675200
12867384,18896419
1447301,1293998617
305240810,305240128
67397078,26389398
67397078,1432597452
7015213717,411503278
7015213717,26165955
11907019558,131037926
11907019558,13002273198
11907019558,11907019562
11675230,249200901
11675230,16711758
11675230,249200528
25757770,2035250504
25757770,181478127
25757770,196209830
305247750,305247746
130235976,130236108
130235976,26868613
333089817,344793159
333089817,665035432
333089817,2374841996
333089817,2363460184
1426048748,652232938
1426048748,4238426
1426048748,1958353675
32475486,339016289
32475486,2968714390
12382833167,249426901
12382833167,11510014394
12382833167,389501
1420144288,355146344
1420144288,10874072588
389372,131037926
389372,447600221
389372,131031234
688693293,688693314
688693293,277968659
11675194,28237219
11675194,2399747312
11675194,12428288
2379086595,12115509
2379086595,2379086735
11675220,11675206
11675220,6206014788
11675220,6206014790
389708,324343708
389708,9631320527
389708,472134567
389708,496282459
12639654,4020784909
12639654,18161345
12639654,4020797787
1607386,2722616612
11675717,16054037
11675717,12428374
11675189,11675190
11675189,13128604
11675189,11675192
31015134,314505123
31015134,456900226
31015134,457697507
696775774,339016289
696775774,170761417
5429845870,26413604
1397032513,544457883
1397032513,1426048782
1397032513,544460406
1397032513,615619599
32435520,3413104426
32435520,51604245
32435520,32435421
12301533428,358543488
12301533428,14957877
12301533428,12301533422
12301533428,12301533421
5166592132,1430847303
5166592132,1431043168
5166592132,1489245550
12905886497,8042994293
15852436,429347181
15852436,2435071620
15852436,2035264081
249193361,223777367
249193361,249193350
243643614,666333
243643614,666363
243643614,3731545508
202074305,1432597682
202074305,26389294
202074305,1530024719
28242702,28242673
28242702,659715
28242702,505195747
28242702,28242687
947981611,669501977
947981611,8487279671
10307572682,10305180061
10307572682,12400352698
10307572682,411566095
54819670,2373794546
54819670,2585066877
658583,97229920
658583,658579
658583,428957556
2389808000,4266245753
68422447,444691106
68422447,1426048809
308961143,256892539
308961143,31095534
659821,267427747
659821,132605700
659821,31015358
1573119435,389357
1573119435,1573119429
3895050826,273128876
13259932,13260050
13259932,2035250504
2387483495,9947407124
5207211666,1489245550
252322909,364875186
252322909,2992704545
252322909,1410014081
333099224,333099179
333099224,12867314
333099224,1230024644
133307292,130159360
133307292,2383668118
133307292,2876012640
4791105924,5312983589
8914657804,8914657805
31926998,330940459
31926998,1422227417
31926998,336143238
273128870,273128872
273128870,273128869
27417749,5267825612
27417749,4429994300
279042305,248773148
5167772734,244448522
5167772734,5167772731
5167772734,473746696
1294904418,20447282
1294904418,442727195
1294904418,442727194
1294904418,2522177388
1294904418,2522177394
12867311,333099189
12867311,3728390035
32435522,32436427
32435522,3413104426
32435522,3636667093
247649804,486924402
247649804,247649805
1294904417,20299837
240396199,243640579
240396199,11675791
241019410,241019321
241019410,3200050905
330940459,267594377
1260858724,264020616
1260858724,1426821214
32435517,661280
32435517,108008652
2389844211,659805
2389844211,133357746
291661602,623809991
291661602,291661603
291661602,291661822
241772752,241772758
241772752,241776026
241772752,241775050
2377743870,3559708818
5597784482,5597784479
5597784482,5597784474
11675757,12428424
11675757,1484699984
11675757,1396426597
26914400,26914401
26914400,19227340
26914400,19227345
305255653,305255539
1139345104,1139344941
1139345104,1139344926
291661251,291661210
32335116,2461937011
32335116,2461937030
11675504,1358290508
11675504,59612076
249183582,690284076
12430755,13128684
12430755,15871587
12430755,12428830
32434948,32434952
32434948,301809188
1447308,1527993
1447308,1422255761
1447308,1426100629
31936602,3498127420
31936602,12409044961
1265025671,1607389
1265025671,8919784186
31015139,31054586
31015139,31015140
32334978,662179
32334978,32334980
32334978,31014742
111887507,2685561284
111887507,8042994293
968108527,187761439
14653167,13128604
14653167,15413054
14653167,15413110
1426100476,746555633
1426100476,912115838
11675543,19080512
11675543,249245064
11675543,2375495200
11675543,12280641
28257211,240380197
28257211,321859890
3594434240,724160322
86181660,1487186168
659706,18896386
659706,659707
659706,509900643
26756133,659784
26756133,411503265
267425322,12649666
267425322,267594377
266381464,12867373
266381464,266381452
32336034,96888350
32336034,665035410
32336034,665043720
32336034,4229444344
1813017056,1813017088
1813017056,4781980869
1813017056,12118463
1813017056,1130327506
666729,975699524
666729,560602854
50881047,324345974
50881047,389710
50881047,50881063
26496178,26496184
26496178,26496189
11675496,649296726
11675496,606377550
11675496,266993459
43314838,247391337
43314838,137801127
243643704,258075612
27688220,27688214
27688220,1420123197
249752706,240396893
249752706,249752685
196222371,5170614842
196222371,5170614823
196222371,196222363
49373102,49373100
49373102,249753348
565672558,565672573
565672558,665777
565672558,488189819
26914918,26914912
26914918,2893532826
26914918,666347
11522103075,11675288
11522103075,661259
11522103075,11522103071
170789284,1426048988
170789284,2406953463
170789284,1426049006
170789284,1420459585
258075612,259151611
1422244146,3646191111
1422244146,1422244149
1422244146,1422244145
3451159904,3451159906
3451159904,344558580
26913464,26914099
26913464,26914227
26913464,10078568144
1293990890,598497534
1293990890,467141367
249200901,266998021
298543130,298543066
28256538,28256490
28256538,28257109
28256538,1506481640
659803,32334797
659803,662184
12284691,12284693
12284691,296891664
1426961969,26413718
1426961969,241772758
1426961969,1426961906
389279,659784
31936571,709714032
31936571,9021341548
31936571,244443900
2789181647,25973619
2789181647,1410012798
662179,91709176
662179,2876012720
241020822,241019348
47212118,313712115
47212118,5167945482
47212118,313713115
8589759536,8589760517
389620,1419534541
389620,11289729948
389620,1431043285
32335109,32335104
32335109,256891653
32335109,277968642
638789813,638789821
9100868,9101069
9100868,59702517
9100868,9100863
9100868,9100869
1431043205,746009497
1431043205,7015777187
97229759,688820837
97229759,302202800
97229759,658495
2372323798,18906120
2372323798,11675260
5121021325,12233671284
240407604,2423191789
240407604,2423069895
240407604,3804028805
240407604,11675798
187658886,6045125913
187658886,4358636075
187658886,26389860
240088633,240088639
240088633,26759862
240088633,8919784186
4956602392,3613389046
335596132,4426389556
666679,666678
666679,4067634238
666679,258075677
4939797800,305240561
4426389547,4426389561
4426389547,4426389563
4426389547,247857969
196244405,15856026
364875071,364875072
11675212,281261254
11675212,13128643
11675212,11675216
5419437478,1463110326
5419437478,9950967022
5419437478,298536133
330300876,247857981
2865089339,1396960574
1419534541,3133124965
2789181648,2788377446
2789181648,1410013058
254510279,257944592
324343708,343103107
248738146,248773148
248738146,1430466400
12492534980,9836579983
659799,1430847303
659799,659802
659799,32334797
29400040,29400038
29400040,32335995
29400040,59702517
267888914,7941635754
267888914,267888923
32436417,3198747254
32436417,3198747218
365307094,365307093
1430521504,6378829642
1430521504,5396467485
1430521504,205216477
3594514235,3594514232
3594514235,3621522727
3594514235,1396489769
28850804,1432780896
28850804,2438127956
108019634,108019598
1426100669,1346901
2397311050,2397311044
2397311050,517392367
5543790701,19080521
5267825612,2685561284
5267825612,566889788
389632,26914227
389632,26913606
389632,666354
247957592,59665169
247957592,174745272
1430847303,2397311044
32335005,32335006
32335005,91709193
2627563421,171503601
1513152857,1432597682
1513152857,1998649733
1513152857,1432597695
32334980,536794620
2468942558,2468942564
2468942558,248662985
389357,248662983
389357,9964901732
15852429,192310421
62102422,31093638
62102422,30979189
62102422,2761886844
94597780,94597791
434149497,26912398
659687,133479901
659687,2838062656
659687,133493835
11675241,4021163818
11675241,11675243
11675241,249188607
11675241,249188575
12428369,12428371
4238370,903978413
4238370,26914912
4238370,15852592
359961874,192317791
6303849,15871577
4238433,612623553
4238433,147086255
4238433,26414370
91595432,96869458
91595432,564987441
91595432,96869471
26867851,892465526
26867851,411503293
841754281,298908463
841754281,2722616612
841754281,122501008
841754281,5396061603
11675200,12428292
2374841854,2374841813
2374841854,458897155
450656588,665794
450656588,665818
1415539792,659695
1415539792,11642896042
58675496,344665742
389281,26165090
389281,135109542
389281,2384200130
4315710336,12117942
4315710336,104517937
597818545,374604093
597818545,19223251
336167572,336167601
12428355,1420079620
12428355,614445799
12428355,19080452
15853046,15853047
15853046,4043121784
12428352,12428353
12428352,1684601164
28257132,28257138
28257132,28257129
2955929597,2955929606
612623535,1430847084
612623535,147086255
181310547,181310323
130236108,11228869558
240388664,1422238157
240388664,1972196336
11675288,243485067
12284046,267001617
247322621,10095474102
247322621,27398703
247322621,247322620
1419098342,1415542335
1419098342,467744896
1419098342,248981469
1419098342,1267467156
2761886769,68384553
2761886769,428957584
54823298,1320523597
54823298,4208698709
54823298,4208698712
3585952599,1573119421
3585952599,1574285185
3585952599,26912410
3585952599,1420455242
389667,130157168
389667,133307283
560602858,500277508
560602858,657357
560602858,560602856
1607381,479669465
1607381,28230442
12246878,657346
12246878,18378306
26765400,26765434
26765400,442727195
26765400,28246359
7503377627,7503377629
12115509,19227348
12115509,666349
12115509,12784892
527838244,249245092
4781980869,1813017022
659695,26867093
26765341,26765492
26765341,28244366
26765341,32529244
11853391,255544830
11853391,11854160
671007,2581825635
671007,364874778
671007,246663287
255544830,325720135
26389398,10807129105
661455,241019339
13228193,4427843392
13228193,3485778226
389711,50881053
389711,324380070
60793454,688820703
60793454,60790654
60793454,2784717512
5029099782,2892088915
15852300,1284630805
15852300,364874849
389679,337429610
389679,59979737
659805,11742085278
659805,6141082777
1410013882,2788377446
1410013882,1410013824
2498303858,6141082777
414606481,50877757
670957,684995633
670957,15852565
670957,59802238
2455590523,389713
298543126,298543127
11675387,133479901
11675387,18378355
7503974617,4935194551
2407371311,12117595
2407371311,2407395083
541012211,1449160924
541012211,28230676
305240561,295516526
305240561,305240608
97229925,97229920
97229925,97229796
12639615,333097134
12639615,528721720
12639615,528733665
3500317267,336142150
3500317267,245548565
26413739,241775025
26413739,26413733
26413739,241019321
244448522,244448589
657360,665849
657360,560602947
657360,563987490
670995,671003
4238406,307480507
4238406,2389808020
4238406,918295982
4238406,2389808014
2670213085,364874757
709714032,1717836062
666674,800942811
666674,2375609782
666674,666683
130253642,130253646
2754160005,223777367
2754160005,2375515829
8613842649,4002584843
8613842649,26756094
8613842649,2376495630
666360,450659125
666360,666355
666360,54845154
301833903,301833881
32336196,4426389561
32336196,4452301327
1426100691,659822
1426100691,2369298322
1426100691,2369298318
552390280,11675249
552390280,295216148
3646191127,3646191114
3646191127,27398725
3646191127,3646191111
3646191127,709714016
192306684,4238384
666739,665863
666739,65078354
666739,65084684
28246966,442727194
28246966,28246359
28246966,26765374
1420456308,1426049012
1420456308,1574290315
12119423,305247746
12119423,1505675855
26756045,10557731336
26756045,12119103
10807129106,1432597410
10807129106,26389376
12117945,712233927
12117945,442395114
278304759,2389808020
278304759,278304980
1396441238,1415568601
1396441238,12428412
12117926,321859890
12117926,12117925
9959608740,709714029
9959608740,9959608739
28850705,5753477076
28850705,3009458377
11675497,298543401
11675497,28237617
3206752725,550879544
3206752725,559288530
901763,901807
901763,2893532826
2801734585,1293998617
2801734585,1294004365
31095511,31095520
31095511,4429994300
31095511,10754781601
31095511,31095515
26165090,9101555
688515617,256891653
688515617,688515611
30979529,30979626
552584287,984316091
552584287,669501977
32335006,32335290
32335006,32335269
32335006,2876012532
32335006,133357772
4207104747,90391644
4207104747,122828307
266998234,18906120
266998234,610303883
50881042,2473982574
50881042,259594888
50881042,11695489202
564502659,450657663
564502659,563885194
26913023,1415568601
1346901,31053762
1346901,408487633
1346901,408487636
389314,5591654764
389314,5297738717
12428371,28233325
661392,3198747218
661392,243480507
15413034,15413035
15413034,15413055
15413034,15413033
2601914801,2399564659
2601914801,2399564657
2601914801,1396433512
2685561284,111887243
25757771,192308465
25757771,181478127
25757771,4238384
249188556,4020784909
249188556,1513166909
12867375,28233414
12867375,7446920581
12649687,12649686
12649687,5597784479
12649687,12117954
12649687,621545500
26165126,1448442
26165126,26165156
247176928,247176929
59665180,2400961252
59665180,277968644
273116329,18940355
273116329,411503251
31935965,18161329
31935965,9964335080
31935965,2375515929
240088666,12649667
240088666,26759873
298908463,19204939
31053762,31015271
31053762,31015268
1426100583,1426100627
1426100583,517392367
1426100583,3671886411
1426100583,31015379
18161341,18161345
18161341,4021163818
18161341,2375574684
195865275,411503251
1423546560,19080371
1423546560,1423546562
1417058887,1417046294
1417058887,12118463
322699665,26867093
1130327672,1130327727
1130327672,12118463
1430847136,14957882
1430847136,247944911
671028,2396618510
671028,255425633
671028,600567215
2406479496,2406479462
1707040328,9595988769
1707040328,60162968
666333,666355
666333,666337
14955953,672383
14955953,11228869558
14955953,389607
1422227417,2767795997
1422227417,11905484759
2375593291,26389444
1358290508,1430506662
1358290508,1139345132
1448442,135109542
1448442,32236377
1448439,26165637
1448439,26165156
1448439,26165229
335972562,5812350375
335972562,15855903
6378829642,280123278
59768315,652697356
59768315,688820883
13228191,4427842681
13228191,4427843392
26496119,28242848
658542,97229796
658542,97229778
1432597857,13228195
1432597857,1432597853
445499045,192311247
59802253,59802258
59802253,251007584
26866909,26866905
15482551,2444639949
15482551,377095277
12784890,8589760517
12784890,11854160
12784890,4303468056
297387982,8733034934
297387982,8733023806
297387982,297387984
196244458,196244498
196244458,196244441
241775025,1264982655
453178969,349176520
453178969,1799448116
321851723,6389297988
321851723,12117932
256892539,31095548
256892539,10754781601
29400038,130249415
29400038,389678
1397022505,1397022502
1397022505,1397022507
301812302,301810840
301812302,11628149802
1432597820,305405928
1432597820,1432597816
1432597820,1432597832
267001617,2759832439
9043911415,15413102
9043911415,12428293
1420114191,2745264347
1420114191,4758711822
1420114191,2745264394
1420114191,2745264321
6988362473,320030532
12428385,281261254
12428385,281261261
27417734,447600221
27417734,111887339
665694735,130234246
1130327715,12117586
1130327715,12115835
1130327715,43291818
91482807,1426961372
91482807,1517852047
1426048943,1426048952
1426048943,1426048903
32475555,278524351
32475555,282593272
1422244165,1422244149
1422244165,241036910
3451159908,12640084
3451159908,3451159906
3451159908,3451159907
9800236714,12428414
32335036,32475150
32335036,32471790
32335036,32335038
305406135,305406023
1426048842,746555633
1426048842,361129074
1422238142,1422244201
18896384,18896375
18896384,358897226
18896384,32529250
9100861,317726060
9100861,9100863
10879742095,26867633
659795,3451879906
32335290,32335861
28850709,1506767009
659745,389364
659745,25261964
659745,265747002
144837225,144837771
144837225,144841403
144837225,144837827
301810840,32434961
1396449287,3451922938
12868513,32436432
12868513,12639623
1573119429,2468942564
1573119429,1573119421
1573119429,1430847297
5380872437,446749000
5380872437,181310323
5380872437,8163330554
247957591,32472089
3646191111,709714029
389678,130158809
2892088915,511114288
2892088915,11611585345
12640084,733846501
12640084,514897349
133357746,133357761
1527993,457697507
1527993,31015268
12118463,32525706
1426051367,305306643
248380682,12284693
563895143,665849
14955927,480606981
111887558,26161118
389379,13002273198
2581809747,2581809749
1284630461,1284630805
12427920,59612075
28850808,49373100
104517865,657350
41173172,2396618510
259573748,335717620
5812350367,5812350375
32475585,369213150
131037476,131031234
4523227758,297557863
532751179,1415538921
1294904416,2522177388
657351,791435878
241080763,661259
3451017461,130249419
1496749462,1496749460
10709985867,15853047
6303812,3022827752
1396845249,3451159937
1422207311,249426901
1426048626,1308975832
192534209,2952674744
32335040,613146316
28230647,28230676
12270001930,1261494718
2815898071,2815898033
1523894764,1528688230
305249727,2752694861
606377549,606377550
57744043,5099319588
11675963,2838062656
248738148,3727694905
305249351,291661592
1432780755,10095474102
2413658311,249090702
27688179,255315673
43326203,5167945482
16056898,18378355
96876598,96874576
7015438929,564987441
6310866597,6313497341
19080386,6310866612
1423064479,1139344926
147086245,2389807993
133459033,133459132
32178622,4834790938
49245967,389680
32336047,4266245753
4864274282,6389297988
5167182788,1432597410
389365,20447275
540403070,389364
49373105,249753348
321836997,247857981
652232936,652232938
1397022510,1397022507
7501823788,1410014122
26413605,26413604
2809688854,307478689
9101656,32233860
135109534,32236377
336143240,336143238
1497243682,1431043279
1497230534,3671886411
4210251305,2992704545
1427047541,243480507
453175582,453175581
32176232,458897155
7995870240,11675192
3621522723,3621522727
2465416044,50877757
2461880048,666678
26164989,389681
1426961644,241776026
564502838,665794
2955929609,2955929606
196244378,196244498
1521661139,11675805
11675794,623809991
26914997,15856026
1426962049,1426961372
2401303757,1422244201
358414409,9359491727
5869735394,4310052704
252311731,559572093
32475493,4375856688
358543487,358543488
846308294,59612076
133457972,131034281
305255341,305255539
259151612,259151611
255237540,690284076
3498127425,3498127420
259594799,565672573
453182881,2476049230
131037388,1415548346
2386573296,12428414
11675271,1705644423
339324656,4426389563
389685,130157168
458897156,344793159
559288531,559288530
3451879903,3451879906
583373279,583373270
688820863,62044347
458225191,108008652
2537204251,27417887
364874851,364874778
91595434,96869471
1431043268,1431043267
6045125936,6045125913
1469664224,122501008
5109218209,9021341548
51156127,975699524
21620852,2383668118
357225035,144837771
133462791,104519448
267427740,132605700
40130007,255425633
12119416,187780985
1008271001,1488933681
662925853,12117954
12280624,12280625
1426048987,1426048988
333097130,333097134
4970207208,130234246
6303942,6303962
2814548836,5438601554
15482783,16054037
1432597567,26389294
1420456304,2406953463
1574285202,1574285185
2940703842,598497534
472767314,336142150
2399542209,2379086735
616033052,12428424
132727767,2369298322
411503273,411503265
12867315,16711758
28244567,26765492
32434954,32434952
15413043,15413035
187780993,4892956246
305309020,26912398
2705523726,26912410
269170101,3451159907
26865955,25261964
2423069970,2438127956
18896374,18896375
4043127489,4043121784
132727765,31015358
249237426,30979189
2383668108,133307283
133307283,544460406
133307283,2876012640
1422244138,1422244145
7015280858,2767795997
26165955,12400352698
26868613,389607
11675206,5312983589
6206014788,657346
4020797787,11675243
170761417,349176520
14957877,247944911
2435071620,5170614842
249193350,249188607
1530024719,26389376
28242673,28242848
659715,358897226
8487279671,59665169
411566095,26756094
658579,652697356
444691106,361129074
333099189,528721720
264020616,257944592
26914401,7941635754
19227340,19227348
2461937011,688515611
301809188,2423069895
15413054,15413055
19080512,2375515829
659707,26866905
12867373,11675249
560602854,500277508
324345974,343103107
389710,50881053
26496184,7446920581
665777,2473982574
666347,666349
1426049006,1426049012
298543066,298543401
91709176,91709193
2876012720,32475150
241019348,241019339
313713115,324380070
9100869,32335861
11675260,1513166909
3804028805,11628149802
4358636075,9595988769
1463110326,19204939
1430466400,28230442
267888923,4303468056
1396489769,1294004365
26913606,1415568601
1415568601,1419532727
248662985,248662983
94597791,32436432
192317791,7503377629
892465526,12119103
11642896042,265747002
12117942,442395114
336167601,31095515
614445799,12428353
19080452,19080371
28257138,144841403
27398703,27398725
68384553,97229778
688820703,54845154
60790654,666337
389713,8163330554
2376495630,26867633
305405928,305406023
301832406,2941844019
2941844019,2941844024
60001702,60001700
60001700,247322620
8515209793,2626146614
2626146614,8515209795
43326250,43326288
43326288,41169062
563887684,564159724
564159724,666363
665860,665862
665862,665863
192308503,15852432
15852432,2035264081
12649688,130234247
130234247,130234349
67079571,67079566
67079566,671036
301829039,295515003
295515003,12280639
130158815,1397026919
1397026919,1397026917
26166033,26166032
26166032,1426048782
336142146,336142149
336142149,3559708818
25973665,1410013884
1410013884,1410013824
26414351,26414373
26414373,26414370
684995621,389142089
389142089,389142088
247391980,247391976
247391976,671027
241771992,1432596802
1432596802,1264982655
2368336819,7015248287
7015248287,1426100629
15852474,32019249
32019249,32019250
411503284,411503283
411503283,411503293
1396426605,453172433
453172433,1484699984
12867381,15871588
15871588,15871587
4229517045,96878683
96878683,2371613112
32336041,32336045
32336045,2373587348
54850104,247945175
247945175,2121574711
32336039,32336038
32336038,96888350
20299832,2374408838
2374408838,12747826204
32475580,1426048716
1426048716,32475578
31926643,9051787220
9051787220,2406479462
19223901,96793201
96793201,59802264
600567209,91534978
91534978,1499519379
12428382,448140323
448140323,15871577
938929601,990277941
990277941,5296502917
4893025544,187761671
187761671,1505722585
5047473961,597823787
597823787,467141367
1457692062,27398690
27398690,247176936
305412062,1484713987
1484713987,266993459
16712016,297459753
297459753,3821313686
25757763,12165401400
12165401400,196209830
42503290,13228209
13228209,241003240
4043161894,247700802
247700802,4426389556
15482562,15482559
15482559,12428374
32336151,32336152
32336152,12301533422
9101323,27434874
27434874,27434872
5167182786,1432597383
1432597383,10807129105
1396434747,1396434748
1396434748,1396434752
540403072,659747
659747,3621526490
670982,665035425
665035425,665035410
688693445,1426821216
1426821216,606191343
324343695,324343697
324343697,9631320527
544457882,508057825
508057825,2383668119
530287775,36313879
36313879,9964901732
7015624039,59665177
59665177,2400961252
258075708,666675
666675,800942811
374552105,2423069905
2423069905,11675798
259573276,335717346
335717346,335717390
2835039864,2373662684
2373662684,364875190
26912926,1420504368
1420504368,2369340258
365307071,365307092
365307092,365307093
32335267,3815927778
3815927778,32335269
1508507003,1509385147
1509385147,11510014394
32471791,289889586
289889586,32471790
241889612,243186990
243186990,60162968
364874977,307478699
307478699,364874757
560602904,560602897
560602897,657357
247694021,32529240
32529240,10078568144
6310880578,295216158
295216158,295216148
4794416014,3728390038
3728390038,3728390035
712555667,2934109588
2934109588,31014742
2374841982,3517117114
3517117114,137905289
1408679652,2364597304
2364597304,666094759
1426048890,1426048870
1426048870,912115838
104517922,5309039395
5309039395,104517937
30977480,1447316
1447316,2369298318
75681230,25973620
25973620,25973619
243467350,241890344
241890344,389501
16157101,16157061
16157061,2444639949
9101552,449382698
449382698,2383668117
1008270957,344558577
344558577,344558580
5573794016,32335095
32335095,9836579983
60790659,698592431
698592431,2784717512
18161320,18161322
18161322,505195747
11675265,610303865
610303865,610303883
2364287152,1574285207
1574285207,1574290315
11675276,26389417
26389417,1432597452
28256488,540962353
540962353,28256490
2372759920,1431043251
1431043251,746009497
96842205,633254083
633254083,684995633
14957904,12119982
12119982,15852565
28243783,18896372
18896372,28244366
2803154398,9672768231
9672768231,688693314
2383668112,389663
389663,2384200130
2383668109,9101554
9101554,9101555
249200528,1230024612
1230024612,12867314
665035432,2612431211
2612431211,4238426
10874072588,1420144287
1420144287,5167772731
277968659,277968646
277968646,277968644
2399747312,453182875
453182875,13128643
472134567,389707
389707,244448589
456900226,456900221
456900221,31054586
473746696,1420144276
1420144276,1426821214
2522177394,479669443
479669443,467744896
243640579,1432597278
1432597278,240396893
3200050905,2398342346
2398342346,1972196336
5597784474,10307664083
10307664083,12117932
249245064,527838308
527838308,249245092
2375495200,243503988
243503988,18161329
1487186168,2711643790
2711643790,1517852047
509900643,26866981
26866981,133493835
247391337,43314758
43314758,4067634238
28257109,28257114
28257114,28257129
1506481640,1506481636
1506481636,248981469
244443900,709714034
709714034,9959608739
1410012798,55465299
55465299,1410013058
1431043285,1419532727
7015777187,475642617
475642617,12784892
12784892,19227345
12784892,131059264
302202800,1426048715
1426048715,428957584
12233671284,12284050
12284050,2759832439
171503601,8733023811
8733023811,8733034934
1998649733,1432597806
1432597806,1432597816
5396061603,292357124
292357124,28237617
12428292,16054383
16054383,12428293
665818,8392313792
8392313792,450657663
32529244,10695367908
10695367908,26765374
245548565,249084552
249084552,144837827
12428412,117707328
117707328,2399564657
3009458377,28850707
28850707,1506767009
111887243,5267884638
5267884638,111887339
600567215,389142092
389142092,59802258
339016297,339016295
339016295,339016294
339016294,2968714390
192308520,192308526
192308526,192308528
192308528,5170614823
5629129026,1532675877
1532675877,2370760090
2370760090,2370760043
12280643,9964335082
9964335082,16711951
16711951,9964335080
456900223,456900218
456900218,31054592
31054592,31015140
247649450,247649453
247649453,247649455
247649455,486924402
2380689165,6238251594
6238251594,706001398
706001398,665043720
453171574,1277707259
1277707259,1294005536
1294005536,20299876
4043189649,4043189650
4043189650,12649678
12649678,411193759
60790663,32335409
32335409,1420144645
1420144645,32335404
1261227681,132490139
132490139,289889581
289889581,32335038
3119447218,1415547811
1415547811,3119447217
3119447217,1267467156
1320523609,1320523595
1320523595,6571063106
6571063106,1320523597
26384730,26384729
26384729,249752679
249752679,249752685
28233334,738469412
738469412,28233329
28233329,28233327
1432780787,51604255
51604255,51604253
51604253,51604245
12283739,11675482
11675482,11675477
11675477,11675480
12283738,339626551
339626551,12283733
12283733,12280671
289889578,32334993
32334993,6019709808
6019709808,1260885026
360406208,360406201
360406201,7392125529
7392125529,15855903
1530041887,11675968
11675968,11675966
11675966,11675791
5428518026,26413650
26413650,411051286
411051286,241775050
380884386,19080426
19080426,26496190
26496190,26496191
7995870235,14653183
14653183,15413112
14653183,14653190
14653183,14653199
15413112,15413110
26496429,26496427
26496427,846308288
846308288,846308301
4196028854,14957894
14957894,2789129056
2789129056,122828307
450711424,922484441
922484441,1426821215
1426821215,1420144383
36530380,1432780732
1432780732,241776922
241776922,1432780743
654051846,9631320535
9631320535,31926246
31926246,2761886844
32336030,1322530585
1322530585,1426048703
1426048703,4229444344
1426051374,1426051373
1426051373,1426051372
1426051372,26911362
170835348,10400278
10400278,1265025672
1265025672,26759873
122548879,122500984
122500984,11178355780
11178355780,247958816
10050840446,12639666
12639666,305307347
305307347,1420455242
528733737,528733735
528733735,11675223
11675223,2375515929
1432597489,26389992
26389992,26389868
26389868,26389444
60955837,54859712
54859712,255425857
255425857,54859727
51156103,51156101
51156101,51156098
51156098,59802238
54859729,59816074
59816074,7678736976
7678736976,251007584
11181160946,1420128891
1420128891,1420131178
1420131178,990221696
361218703,361218729
361218729,361218708
361218708,1410014081
2401018412,187780975
187780975,12119414
12119414,1505675855
2784725492,50881093
50881093,499551717
499551717,496282459
91709153,3259811167
3259811167,91709169
91709169,662184
2907541391,690284037
690284037,690284057
690284057,32472089
26389279,26389254
26389254,26389221
26389221,42503598
32335694,1345315819
1345315819,2473982679
2473982679,2876012532
2399542205,2893532895
2893532895,2893532949
2893532949,15852592
666681,259152566
259152566,666680
666680,258075677
14957898,90391497
90391497,2745264400
2745264400,4758711822
1420118252,1420129964
1420129964,1326676579
1326676579,1420123197
301802142,2438127961
2438127961,4935194550
4935194550,4935194551
135109491,32235616
32235616,26165233
26165233,26165229
28242687,2400990813
2400990813,11676196
11676196,1684601164
133357761,3815927777
3815927777,133357772
1396426597,1396426602
1396426602,1396426604
1396426604,18378306
131059264,666354
266381452,110552700
110552700,305412980
305412980,2375574684
196222363,196244431
196244431,196244434
196244434,196244441
1420459585,1426048971
1426048971,1426048972
1426048972,1430847297
266998021,2372734162
2372734162,2372734172
2372734172,249188575
296891664,296892072
296892072,296892073
296892073,301833881
277968642,179034158
179034158,174745254
174745254,174745272
59979737,12175126081
12175126081,53457964
53457964,560602947
1717836062,1717836091
1717836091,1717835994
1717835994,709714016
2375609782,2582451907
2582451907,65078347
65078347,65078354
278304980,349176562
349176562,2363460254
2363460254,1799448116
11841447179,1410012284
1410012284,2791792355
2791792355,75681335
75681335,75681356
11841447177,26414257
26414257,513856622
513856622,26414261
26414261,2373794546
43326231,43551275
43551275,4212320957
4212320957,4212320956
4212320956,65084684
621545471,621545478
621545478,621545477
621545477,665694734
665694734,621545500
671034,671033
671033,67079577
67079577,671030
671030,49249321
26414320,26414316
26414316,26414315
26414315,26414314
26414314,4898446741
8613842665,11675763
11675763,510613418
510613418,8613842671
8613842671,11675765
1426048731,1426048727
1426048727,140667559
140667559,1958353678
1958353678,1958353675
914786403,359097427
359097427,318780495
318780495,746555666
746555666,1426048809
28231265,659698
659698,28232074
28232074,26496117
26496117,28251159
3072554418,11675484
11675484,11675489
11675489,8936518383
8936518383,8936526690
248739525,248739500
248739500,28257605
28257605,248737667
248737667,12117925
82661790,5531030927
5531030927,671015
671015,703556873
703556873,2745264394
333099190,2686926218
2686926218,6304168
6304168,12867313
12867313,528733570
8515209797,147070215
147070215,8515209630
8515209630,8733023787
8733023787,8733023793
43326199,9672768228
9672768228,43326195
43326195,470222757
470222757,488189819
497075347,16054419
16054419,16054421
16054421,18378352
18378352,32529250
514897349,514897344
514897344,514897341
320022997,320023002
320023002,320023053
320023053,320023058
320023058,8733023806
658571,428957548
428957548,97229886
97229886,3227846855
3227846855,428957556
305245772,291661727
291661727,291661730
291661730,295516518
295516518,295516526
12280690,240399950
240399950,12280686
12280686,4697250428
4697250428,4697250432
703039281,295213526
295213526,1423546566
1423546566,541012230
541012230,1423546562
32435465,243485690
243485690,3826599211
3826599211,241080757
241080757,11522103071
330928701,244445691
244445691,255179553
255179553,3159002249
3159002249,31094871
448020525,448020524
448020524,298693134
298693134,1426048957
1426048957,1426048952
243643628,688820688
688820688,259594897
259594897,665776
665776,259594888
26161117,131031572
131031572,131031391
131031391,131032422
131032422,11907019562
32436418,32436439
32436439,135686030
135686030,241075491
241075491,243485067
247649812,247649810
247649810,247649808
247649808,247649807
247649807,247649805
60001730,241891957
241891957,241891956
241891956,247176931
247176931,247176929
2374841996,344793331
344793331,333089813
333089813,615600315
615600315,615619599
6206014790,18378302
18378302,15482552
15482552,2399601674
2399601674,11675216
12301533421,32336190
32336190,2628742218
2628742218,2628742270
2628742270,4452301327
3731545508,559828194
559828194,1426048622
1426048622,59694701
59694701,563987490
2585066877,107871097
107871097,26414251
26414251,2763710312
2763710312,671003
273128876,273128877
273128877,273128878
273128878,273128879
273128879,273128872
26496189,28233331
28233331,19080374
19080374,28233330
28233330,28233325
246663287,364874939
364874939,364874869
364874869,364874916
364874916,364874849
12117595,12117590
12117590,6219877421
6219877421,530807825
530807825,12117586
11905484759,1509389068
1509389068,26413355
26413355,240384563
240384563,241036910
5438601595,5438601603
5438601603,5438601606
5438601606,12119404
12119404,4893025542
4893025542,3825229964
130157149,130157165
130157165,130157159
130157159,130158807
130158807,130158809
2975697898,187790219
187790219,187790234
187790234,6164200825
6164200825,388985358
388985358,5497736664
1410014030,2379086868
2379086868,26414371
26414371,2373662647
2373662647,147086272
147086272,2373975862
5629129023,2744747723
2744747723,2373662650
2373662650,26414204
26414204,26414211
26414211,4896173236
12861846727,3978757808
3978757808,1426100541
1426100541,12815485472
12815485472,12815485473
12815485473,31015379
14653150,14653146
14653146,14653140
14653140,16054145
16054145,13128608
13128608,438282879
91469713,291661704
291661704,305241240
305241240,291661614
291661614,291661611
291661611,291661603
4077285429,1287551339
1287551339,3768334660
3768334660,336180443
336180443,3977166163
3977166163,31054551
11675770,25966438
25966438,5947090
5947090,13228203
13228203,13228196
13228196,13228195
12428376,296154292
296154292,801057577
801057577,11675740
11675740,11675741
11675741,377095277
1230024565,1230024637
1230024637,2686926142
2686926142,1230024627
1230024627,333099213
333099213,1230024644
147070210,297388013
297388013,297388006
297388006,297388005
297388005,297388025
297388025,297387984
301813621,249753333
249753333,301813199
301813199,32435415
32435415,32435420
32435420,32435421
1130338700,2407411141
2407411141,2407411149
2407411149,6639910590
6639910590,5419193394
5419193394,1813017022
2407384745,12115850
12115850,12115843
12115843,1727146614
1727146614,12115839
12115839,12115835
297464679,688693561
688693561,9836579984
9836579984,654085525
654085525,323177796
323177796,323177787
32475512,349176543
349176543,32475514
32475514,32475515
32475515,612930969
612930969,918295982
53464363,321876220
321876220,59898651
59898651,62102471
62102471,4398180095
4398180095,321876223
242752195,242783738
242783738,12280695
12280695,6378950101
6378950101,6124742196
6124742196,9950967022
59816058,59802249
59802249,59802246
59802246,684995626
684995626,59816063
59816063,585345785
256891509,428957607
428957607,428957605
428957605,59665174
59665174,688515623
688515623,2461937030
11289729968,224035908
224035908,224035944
224035944,170768971
170768971,224036070
224036070,1426048903
40121849,255425626
255425626,255425615
255425615,40121828
40121828,137801125
137801125,137801127
26389457,26389415
26389415,26389387
26389387,1432597582
1432597582,1432597675
1432597675,1432597695
305240128,305240288
305240288,305240054
305240054,305239091
305239091,305239088
305239088,305240608
9947407124,82746002
82746002,305252096
305252096,291661413
291661413,291661207
291661207,291661210
50881063,50881066
50881066,50881072
50881072,50881078
50881078,8287924210
8287924210,11695489202
298536133,298537225
298537225,298543082
298543082,298543079
298543079,298543070
298543070,298543127
344665742,2764492256
2764492256,3126965058
3126965058,344666760
344666760,344666365
344666365,563885194
1432597853,242723993
242723993,1432597848
1432597848,1432597838
1432597838,1432597836
1432597836,1432597832
301818029,301817969
301817969,163026287
163026287,4860582775
4860582775,4860582776
4860582776,4860582755
4860582755,4860582754
1426048839,368870636
368870636,368870779
368870779,1426048816
1426048816,344793069
344793069,1426048797
1426048797,2363460184
12867287,12867284
12867284,26868741
26868741,26868708
26868708,11675512
11675512,12897734
12897734,12280641
528733589,6796012330
6796012330,297209453
297209453,528733583
528733583,333097147
333097147,12639617
12639617,528733665
301804347,301803545
301803545,301803543
301803543,301803540
301803540,301805726
301805726,32435525
32435525,3636667093
5585532881,325710318
325710318,12428422
12428422,16157067
16157067,631975636
631975636,810848175
810848175,1396433512
122500879,122500874
122500874,12281321
12281321,12281320
12281320,26389530
26389530,26389535
26389535,26389860
262896731,12639639
12639639,18910598
18910598,484789265
484789265,13128646
13128646,266381239
266381239,13128652
4911674621,4911674622
4911674622,54823276
54823276,54823281
54823281,54823285
54823285,54823289
54823289,4208698709
1259427233,1259434304
1259434304,1430148300
1430148300,1259427229
1259427229,266999898
266999898,11675501
11675501,273128869
658495,256892217
256892217,256892231
256892231,1426048682
1426048682,1426048704
1426048704,690136727
690136727,688820883
2389808014,2465475275
2465475275,32475557
32475557,282593273
282593273,344668793
344668793,307480460
307480460,282593272
43291818,43291816
43291816,6837237350
6837237350,2433060453
2433060453,6639867618
6639867618,12639621
12639621,12639623
4206671229,91541638
91541638,91541661
91541661,91541642
91541642,90408964
90408964,2782942216
2782942216,2789799536
2789799536,2782942214
2609552131,358414557
358414557,358414559
358414559,2609552121
2609552121,358414564
358414564,364875075
364875075,364875077
364875077,364875072
60955956,666743
666743,565063532
565063532,564574276
564574276,54829952
54829952,559828162
559828162,2403995925
2403995925,560602856
291661822,623810082
623810082,2423092494
2423092494,295516527
295516527,5564874691
5564874691,11675792
11675792,9955881240
9955881240,3485778226
696250191,696250101
696250101,696250056
696250056,696250051
696250051,320029303
320029303,696250360
696250360,696250079
696250079,320029297
320029297,320030532
255425838,41173907
41173907,60955836
60955836,61910982
61910982,41173975
41173975,41175034
41175034,255425836
255425836,2461880051
2461880051,666683
317494832,317494795
317494795,317494812
317494812,317494806
317494806,317495028
317495028,317495284
317495284,598149349
598149349,4793217310
4793217310,19223251
1276536118,254019345
254019345,4802701881
4802701881,4800065505
4800065505,1276534166
1276534166,1276534145
1276534145,8936625560
8936625560,1276534250
1276534250,1276534300
4199183466,386180679
386180679,36564913
36564913,1426961867
1426961867,241786388
241786388,1426961886
1426961886,1426961895
1426961895,1426961900
1426961900,1426961906
12280683,12281317
12281317,12281318
12281318,26389532
26389532,26389531
26389531,82676982
82676982,82676980
82676980,243915067
243915067,12409044961
364875194,361220286
361220286,11177972812
11177972812,361220289
361220289,364875141
364875141,247857974
247857974,247857971
247857971,247857970
247857970,247857969
12428288,25877021
25877021,25876850
25876850,16054377
16054377,16054375
16054375,11675196
11675196,12428330
12428330,264588151
264588151,12428830
1130327506,1130327658
1130327658,1813001085
1813001085,2407397962
2407397962,2407371410
2407371410,2650635524
2650635524,2407371275
2407371275,2407371192
2407371192,2407395083
192310421,192310417
192310417,192310428
192310428,192311232
192311232,192311236
192311236,192311239
192311239,192311240
192311240,3755187232
3755187232,192311247
4208698712,1320523606
1320523606,2377422631
2377422631,1320523611
1320523611,1320523604
1320523604,1320523602
1320523602,4856284142
4856284142,1320523591
1320523591,2745264321
15413033,15413032
15413032,14653190
14653199,15413029
15413029,12867392
12867392,9961929005
9961929005,281261261
